LCSC,Type,MPN,Manufacturer,Category,Subcategory,Package,Description,Stock,Unit_Price,Process,Min_Qty
C2286,Basic,KT-0603R,Hubei KENTO Elec,,,0603,-40℃~+85℃ 1.8V~2.4V 120° 20mA 300mcd 40mW 615nm~630nm 645nm Discrete Diode Red Water Clear 0603 LED Indication - Discret,6077899,$0.0060,SMT,20
C2290,Basic,KT-0603W,Hubei KENTO Elec,,,0603,-40℃~+85℃ 100mW 120° 2.6V~3.1V 360mcd 5mA Discrete Diode Top-mount White Yellow Lens 0603 LED Indication - Discrete ROHS,2500038,$0.0109,SMT,20
C2296,Basic,KT-0805Y,Hubei KENTO Elec,,,0805,-40℃~+85℃ 1.8V~2.4V 120° 175mcd 40mW 584nm~594nm 596nm Discrete Diode Water Clear Yellow 0805 LED Indication - Discrete ,767876,$0.0138,SMT,20
C34499,Basic,KT-0805W,Hubei KENTO Elec,,,0805,-30℃~+85℃ 120° 13172K~100000K 2.6V~3.2V 25mA 350mcd 80mW Discrete Diode Top-mount White Yellow Lens 0805 LED Indication ,450581,$0.0182,SMT,20
C109227,Basic,LTV-817S-TA1-C,Lite-On,,,SMD-4P,"-30℃~+110℃ 1 1.2V 100mV@1mA,20mA 35V 3us 4us@2mA,100Ω 50% 50mA 50mA 5kV 600% 6V DC Phototransistor SMD-4P Transistor, Ph",269878,$0.0587,SMT,2
C109227,Basic,LTV-817S-TA1-C,Lite-On,,,SMD-4P,"-30℃~+110℃ 1 1.2V 100mV@1mA,20mA 35V 3us 4us@2mA,100Ω 50% 50mA 50mA 5kV 600% 6V DC Phototransistor SMD-4P Transistor, Ph",269878,$0.0587,SMT,5
C115450,Basic,LTV-217-B-G,Lite-On,,,SOP-4-175mil,"-55℃~+110℃ 1 1.2V 200mW 2us 3.75kV 3us 400mV@8mA,2.4mA 50% 50mA 50mA 600% 6V 70V DC Phototransistor SOP-4-175mil Transis",418418,$0.0639,SMT,5
C1523,Basic,0402B102K500NT,FH(Guangdong Fenghua Advanced Tech),Capacitors,Multilayer Ceramic Capacitors MLCC - SMD/SMT,0402,1nF 50V X7R ±10% 0402 Multilayer Ceramic Capacitors MLCC - SMD/SMT ROHS,5304934,$0.0011,SMT,20
C1525,Basic,CL05B104KO5NNNC,Samsung Electro-Mechanics,Capacitors,Multilayer Ceramic Capacitors MLCC - SMD/SMT,0402,100nF 16V X7R ±10% 0402 Multilayer Ceramic Capacitors MLCC - SMD/SMT ROHS,43509060,$0.0012,SMT,20
C1530,Basic,0402B221K500NT,FH(Guangdong Fenghua Advanced Tech),Capacitors,Multilayer Ceramic Capacitors MLCC - SMD/SMT,0402,220pF 50V X7R ±10% 0402 Multilayer Ceramic Capacitors MLCC - SMD/SMT ROHS,1017701,$0.0010,SMT,20
C1532,Basic,0402B223K500NT,FH(Guangdong Fenghua Advanced Tech),Capacitors,Multilayer Ceramic Capacitors MLCC - SMD/SMT,0402,22nF 50V X7R ±10% 0402 Multilayer Ceramic Capacitors MLCC - SMD/SMT ROHS,907498,$0.0017,SMT,20
C1538,Basic,0402B472K500NT,FH(Guangdong Fenghua Advanced Tech),Capacitors,Multilayer Ceramic Capacitors MLCC - SMD/SMT,0402,4.7nF 50V X7R ±10% 0402 Multilayer Ceramic Capacitors MLCC - SMD/SMT ROHS,1389574,$0.0011,SMT,20
C1546,Basic,0402CG101J500NT,FH(Guangdong Fenghua Advanced Tech),Capacitors,Multilayer Ceramic Capacitors MLCC - SMD/SMT,0402,100pF 50V C0G ±5% 0402 Multilayer Ceramic Capacitors MLCC - SMD/SMT ROHS,5042547,$0.0011,SMT,20
C1547,Basic,0402CG120J500NT,FH(Guangdong Fenghua Advanced Tech),Capacitors,Multilayer Ceramic Capacitors MLCC - SMD/SMT,0402,12pF 50V C0G ±5% 0402 Multilayer Ceramic Capacitors MLCC - SMD/SMT ROHS,990974,$0.0011,SMT,20
C1548,Basic,0402CG150J500NT,FH(Guangdong Fenghua Advanced Tech),Capacitors,Multilayer Ceramic Capacitors MLCC - SMD/SMT,0402,15pF 50V C0G ±5% 0402 Multilayer Ceramic Capacitors MLCC - SMD/SMT ROHS,1346661,$0.0010,SMT,20
C1549,Basic,0402CG180J500NT,FH(Guangdong Fenghua Advanced Tech),Capacitors,Multilayer Ceramic Capacitors MLCC - SMD/SMT,0402,18pF 50V C0G ±5% 0402 Multilayer Ceramic Capacitors MLCC - SMD/SMT ROHS,1556275,$0.0011,SMT,20
C1554,Basic,0402CG200J500NT,FH(Guangdong Fenghua Advanced Tech),Capacitors,Multilayer Ceramic Capacitors MLCC - SMD/SMT,0402,20pF 50V C0G ±5% 0402 Multilayer Ceramic Capacitors MLCC - SMD/SMT ROHS,1309167,$0.0011,SMT,20
C1555,Basic,0402CG220J500NT,FH(Guangdong Fenghua Advanced Tech),Capacitors,Multilayer Ceramic Capacitors MLCC - SMD/SMT,0402,22pF 50V C0G ±5% 0402 Multilayer Ceramic Capacitors MLCC - SMD/SMT ROHS,445841,$0.0011,SMT,20
C1562,Basic,0402CG330J500NT,FH(Guangdong Fenghua Advanced Tech),Capacitors,Multilayer Ceramic Capacitors MLCC - SMD/SMT,0402,33pF 50V C0G ±5% 0402 Multilayer Ceramic Capacitors MLCC - SMD/SMT ROHS,791476,$0.0011,SMT,20
C1567,Basic,0402CG470J500NT,FH(Guangdong Fenghua Advanced Tech),Capacitors,Multilayer Ceramic Capacitors MLCC - SMD/SMT,0402,47pF 50V C0G ±5% 0402 Multilayer Ceramic Capacitors MLCC - SMD/SMT ROHS,890588,$0.0010,SMT,20
C12530,Basic,CL05A225MQ5NSNC,Samsung Electro-Mechanics,Capacitors,Multilayer Ceramic Capacitors MLCC - SMD/SMT,0402,2.2uF 6.3V X5R ±20% 0402 Multilayer Ceramic Capacitors MLCC - SMD/SMT ROHS,3231627,$0.0025,SMT,20
C15195,Basic,CL05B103KB5NNNC,Samsung Electro-Mechanics,Capacitors,Multilayer Ceramic Capacitors MLCC - SMD/SMT,0402,10nF 50V X7R ±10% 0402 Multilayer Ceramic Capacitors MLCC - SMD/SMT ROHS,10195909,$0.0013,SMT,20
C15525,Basic,CL05A106MQ5NUNC,Samsung Electro-Mechanics,Capacitors,Multilayer Ceramic Capacitors MLCC - SMD/SMT,0402,10uF 6.3V X5R ±20% 0402 Multilayer Ceramic Capacitors MLCC - SMD/SMT ROHS,11349426,$0.0060,SMT,20
C16772,Basic,CL05B224KO5NNNC,Samsung Electro-Mechanics,Capacitors,Multilayer Ceramic Capacitors MLCC - SMD/SMT,0402,16V 220nF X7R ±10% 0402 Multilayer Ceramic Capacitors MLCC - SMD/SMT ROHS,4059470,$0.0038,SMT,20
C23733,Basic,CL05A475MP5NRNC,Samsung Electro-Mechanics,Capacitors,Multilayer Ceramic Capacitors MLCC - SMD/SMT,0402,10V 4.7uF X5R ±20% 0402 Multilayer Ceramic Capacitors MLCC - SMD/SMT ROHS,3017955,$0.0052,SMT,20
C32949,Basic,CL05C100JB5NNNC,Samsung Electro-Mechanics,Capacitors,Multilayer Ceramic Capacitors MLCC - SMD/SMT,0402,10pF 50V C0G ±5% 0402 Multilayer Ceramic Capacitors MLCC - SMD/SMT ROHS,1571686,$0.0041,SMT,20
C52923,Basic,CL05A105KA5NQNC,Samsung Electro-Mechanics,Capacitors,Multilayer Ceramic Capacitors MLCC - SMD/SMT,0402,1uF 25V X5R ±10% 0402 Multilayer Ceramic Capacitors MLCC - SMD/SMT ROHS,12549584,$0.0037,SMT,20
C307331,Basic,CL05B104KB54PNC,Samsung Electro-Mechanics,Capacitors,Multilayer Ceramic Capacitors MLCC - SMD/SMT,0402,100nF 50V X7R ±10% 0402 Multilayer Ceramic Capacitors MLCC - SMD/SMT ROHS,30579472,$0.0040,SMT,20
C1588,Basic,CL10B102KB8NNNC,Samsung Electro-Mechanics,Capacitors,Multilayer Ceramic Capacitors MLCC - SMD/SMT,0603,1nF 50V X7R ±10% 0603 Multilayer Ceramic Capacitors MLCC - SMD/SMT ROHS,15568229,$0.0028,SMT,20
C1594,Basic,0603B151K500NT,FH(Guangdong Fenghua Advanced Tech),Capacitors,Multilayer Ceramic Capacitors MLCC - SMD/SMT,0603,150pF 50V X7R ±10% 0603 Multilayer Ceramic Capacitors MLCC - SMD/SMT ROHS,457309,$0.0026,SMT,20
C1603,Basic,CL10B221KB8NNNC,Samsung Electro-Mechanics,Capacitors,Multilayer Ceramic Capacitors MLCC - SMD/SMT,0603,220pF 50V X7R ±10% 0603 Multilayer Ceramic Capacitors MLCC - SMD/SMT ROHS,2203428,$0.0049,SMT,20
C1604,Basic,0603B222K500NT,FH(Guangdong Fenghua Advanced Tech),Capacitors,Multilayer Ceramic Capacitors MLCC - SMD/SMT,0603,2.2nF 50V X7R ±10% 0603 Multilayer Ceramic Capacitors MLCC - SMD/SMT ROHS,795434,$0.0027,SMT,20
C1613,Basic,CL10B332KB8NNNC,Samsung Electro-Mechanics,Capacitors,Multilayer Ceramic Capacitors MLCC - SMD/SMT,0603,3.3nF 50V X7R ±10% 0603 Multilayer Ceramic Capacitors MLCC - SMD/SMT ROHS,430308,$0.0051,SMT,20
C1620,Basic,0603B471K500NT,FH(Guangdong Fenghua Advanced Tech),Capacitors,Multilayer Ceramic Capacitors MLCC - SMD/SMT,0603,470pF 50V X7R ±10% 0603 Multilayer Ceramic Capacitors MLCC - SMD/SMT ROHS,1061152,$0.0027,SMT,20
C1622,Basic,CL10B473KB8NNNC,Samsung Electro-Mechanics,Capacitors,Multilayer Ceramic Capacitors MLCC - SMD/SMT,0603,47nF 50V X7R ±10% 0603 Multilayer Ceramic Capacitors MLCC - SMD/SMT ROHS,2238609,$0.0049,SMT,20
C1623,Basic,CL10B474KA8NNNC,Samsung Electro-Mechanics,Capacitors,Multilayer Ceramic Capacitors MLCC - SMD/SMT,0603,25V 470nF X7R ±10% 0603 Multilayer Ceramic Capacitors MLCC - SMD/SMT ROHS,3638152,$0.0071,SMT,20
C1631,Basic,0603B682K500NT,FH(Guangdong Fenghua Advanced Tech),Capacitors,Multilayer Ceramic Capacitors MLCC - SMD/SMT,0603,50V 6.8nF X7R ±10% 0603 Multilayer Ceramic Capacitors MLCC - SMD/SMT ROHS,491854,$0.0032,SMT,20
C1634,Basic,CL10C100JB8NNNC,Samsung Electro-Mechanics,Capacitors,Multilayer Ceramic Capacitors MLCC - SMD/SMT,0603,10pF 50V C0G ±5% 0603 Multilayer Ceramic Capacitors MLCC - SMD/SMT ROHS,2204647,$0.0045,SMT,20
C1644,Basic,CL10C150JB8NNNC,Samsung Electro-Mechanics,Capacitors,Multilayer Ceramic Capacitors MLCC - SMD/SMT,0603,15pF 50V C0G ±5% 0603 Multilayer Ceramic Capacitors MLCC - SMD/SMT ROHS,1857047,$0.0049,SMT,20
C1647,Basic,CL10C180JB8NNNC,Samsung Electro-Mechanics,Capacitors,Multilayer Ceramic Capacitors MLCC - SMD/SMT,0603,18pF 50V C0G ±5% 0603 Multilayer Ceramic Capacitors MLCC - SMD/SMT ROHS,651661,$0.0047,SMT,20
C1648,Basic,CL10C200JB8NNNC,Samsung Electro-Mechanics,Capacitors,Multilayer Ceramic Capacitors MLCC - SMD/SMT,0603,20pF 50V C0G ±5% 0603 Multilayer Ceramic Capacitors MLCC - SMD/SMT ROHS,4688560,$0.0050,SMT,20
C1653,Basic,CL10C220JB8NNNC,Samsung Electro-Mechanics,Capacitors,Multilayer Ceramic Capacitors MLCC - SMD/SMT,0603,22pF 50V C0G ±5% 0603 Multilayer Ceramic Capacitors MLCC - SMD/SMT ROHS,4013700,$0.0040,SMT,20
C1658,Basic,0603CG300J500NT,FH(Guangdong Fenghua Advanced Tech),Capacitors,Multilayer Ceramic Capacitors MLCC - SMD/SMT,0603,30pF 50V C0G ±5% 0603 Multilayer Ceramic Capacitors MLCC - SMD/SMT ROHS,520228,$0.0031,SMT,20
C1663,Basic,CL10C330JB8NNNC,Samsung Electro-Mechanics,Capacitors,Multilayer Ceramic Capacitors MLCC - SMD/SMT,0603,33pF 50V C0G ±5% 0603 Multilayer Ceramic Capacitors MLCC - SMD/SMT ROHS,2808576,$0.0048,SMT,20
C1664,Basic,CL10C331JB8NNNC,Samsung Electro-Mechanics,Capacitors,Multilayer Ceramic Capacitors MLCC - SMD/SMT,0603,330pF 50V C0G ±5% 0603 Multilayer Ceramic Capacitors MLCC - SMD/SMT ROHS,1575592,$0.0058,SMT,20
C1671,Basic,CL10C470JB8NNNC,Samsung Electro-Mechanics,Capacitors,Multilayer Ceramic Capacitors MLCC - SMD/SMT,0603,47pF 50V C0G ±5% 0603 Multilayer Ceramic Capacitors MLCC - SMD/SMT ROHS,997051,$0.0037,SMT,20
C14663,Basic,CC0603KRX7R9BB104,YAGEO,Capacitors,Multilayer Ceramic Capacitors MLCC - SMD/SMT,0603,100nF 50V X7R ±10% 0603 Multilayer Ceramic Capacitors MLCC - SMD/SMT ROHS,37493696,$0.0026,SMT,20
C14858,Basic,CL10C101JB8NNNC,Samsung Electro-Mechanics,Capacitors,Multilayer Ceramic Capacitors MLCC - SMD/SMT,0603,100pF 50V C0G ±5% 0603 Multilayer Ceramic Capacitors MLCC - SMD/SMT ROHS,6208356,$0.0037,SMT,20
C15849,Basic,CL10A105KB8NNNC,Samsung Electro-Mechanics,Capacitors,Multilayer Ceramic Capacitors MLCC - SMD/SMT,0603,1uF 50V X5R ±10% 0603 Multilayer Ceramic Capacitors MLCC - SMD/SMT ROHS,7169422,$0.0071,SMT,20
C19666,Basic,CL10A475KO8NNNC,Samsung Electro-Mechanics,Capacitors,Multilayer Ceramic Capacitors MLCC - SMD/SMT,0603,16V 4.7uF X5R ±10% 0603 Multilayer Ceramic Capacitors MLCC - SMD/SMT ROHS,5643370,$0.0096,SMT,20
C19702,Basic,CL10A106KP8NNNC,Samsung Electro-Mechanics,Capacitors,Multilayer Ceramic Capacitors MLCC - SMD/SMT,0603,10V 10uF X5R ±10% 0603 Multilayer Ceramic Capacitors MLCC - SMD/SMT ROHS,6062779,$0.0073,SMT,20
C21117,Basic,CL10B333KB8NNNC,Samsung Electro-Mechanics,Capacitors,Multilayer Ceramic Capacitors MLCC - SMD/SMT,0603,33nF 50V X7R ±10% 0603 Multilayer Ceramic Capacitors MLCC - SMD/SMT ROHS,2122286,$0.0034,SMT,20
C21120,Basic,CL10B224KA8NNNC,Samsung Electro-Mechanics,Capacitors,Multilayer Ceramic Capacitors MLCC - SMD/SMT,0603,220nF 25V X7R ±10% 0603 Multilayer Ceramic Capacitors MLCC - SMD/SMT ROHS,2602535,$0.0069,SMT,20
C21122,Basic,CL10B223KB8NNNC,Samsung Electro-Mechanics,Capacitors,Multilayer Ceramic Capacitors MLCC - SMD/SMT,0603,22nF 50V X7R ±10% 0603 Multilayer Ceramic Capacitors MLCC - SMD/SMT ROHS,1647364,$0.0039,SMT,20
C23630,Basic,CL10A225KO8NNNC,Samsung Electro-Mechanics,Capacitors,Multilayer Ceramic Capacitors MLCC - SMD/SMT,0603,16V 2.2uF X5R ±10% 0603 Multilayer Ceramic Capacitors MLCC - SMD/SMT ROHS,4599924,$0.0057,SMT,20
C38523,Basic,CL10C120JB8NNNC,Samsung Electro-Mechanics,Capacitors,Multilayer Ceramic Capacitors MLCC - SMD/SMT,0603,12pF 50V C0G ±5% 0603 Multilayer Ceramic Capacitors MLCC - SMD/SMT ROHS,3346489,$0.0046,SMT,20
C53987,Basic,0603B472K500NT,FH(Guangdong Fenghua Advanced Tech),Capacitors,Multilayer Ceramic Capacitors MLCC - SMD/SMT,0603,4.7nF 50V X7R ±10% 0603 Multilayer Ceramic Capacitors MLCC - SMD/SMT ROHS,296383,$0.0028,SMT,20
C57112,Basic,0603B103K500NT,FH(Guangdong Fenghua Advanced Tech),Capacitors,Multilayer Ceramic Capacitors MLCC - SMD/SMT,0603,10nF 50V X7R ±10% 0603 Multilayer Ceramic Capacitors MLCC - SMD/SMT ROHS,2223405,$0.0025,SMT,20
C59461,Basic,CL10A226MQ8NRNC,Samsung Electro-Mechanics,Capacitors,Multilayer Ceramic Capacitors MLCC - SMD/SMT,0603,22uF 6.3V X5R ±20% 0603 Multilayer Ceramic Capacitors MLCC - SMD/SMT ROHS,19334991,$0.0088,SMT,20
C96446,Basic,CL10A106MA8NRNC,Samsung Electro-Mechanics,Capacitors,Multilayer Ceramic Capacitors MLCC - SMD/SMT,0603,10uF 25V X5R ±20% 0603 Multilayer Ceramic Capacitors MLCC - SMD/SMT ROHS,3475471,$0.0167,SMT,20
C1322360,Basic,0603B822K500NT,FH(Guangdong Fenghua Advanced Tech),Capacitors,Multilayer Ceramic Capacitors MLCC - SMD/SMT,0603,50V 8.2nF X7R ±10% 0603 Multilayer Ceramic Capacitors MLCC - SMD/SMT ROHS,132542,$0.0031,SMT,20
C1710,Basic,CL21B103KBANNNC,Samsung Electro-Mechanics,Capacitors,Multilayer Ceramic Capacitors MLCC - SMD/SMT,0805,10nF 50V X7R ±10% 0805 Multilayer Ceramic Capacitors MLCC - SMD/SMT ROHS,4601013,$0.0061,SMT,20
C1729,Basic,CL21B223KBANNNC,Samsung Electro-Mechanics,Capacitors,Multilayer Ceramic Capacitors MLCC - SMD/SMT,0805,22nF 50V X7R ±10% 0805 Multilayer Ceramic Capacitors MLCC - SMD/SMT ROHS,1204730,$0.0073,SMT,20
C1739,Basic,0805B333K500NT,FH(Guangdong Fenghua Advanced Tech),Capacitors,Multilayer Ceramic Capacitors MLCC - SMD/SMT,0805,33nF 50V X7R ±10% 0805 Multilayer Ceramic Capacitors MLCC - SMD/SMT ROHS,136296,$0.0077,SMT,20
C1743,Basic,0805B471K500NT,FH(Guangdong Fenghua Advanced Tech),Capacitors,Multilayer Ceramic Capacitors MLCC - SMD/SMT,0805,470pF 50V X7R ±10% 0805 Multilayer Ceramic Capacitors MLCC - SMD/SMT ROHS,636306,$0.0046,SMT,20
C1744,Basic,0805B472K500NT,FH(Guangdong Fenghua Advanced Tech),Capacitors,Multilayer Ceramic Capacitors MLCC - SMD/SMT,0805,4.7nF 50V X7R ±10% 0805 Multilayer Ceramic Capacitors MLCC - SMD/SMT ROHS,555399,$0.0049,SMT,20
C1779,Basic,CL21A475KAQNNNE,Samsung Electro-Mechanics,Capacitors,Multilayer Ceramic Capacitors MLCC - SMD/SMT,0805,25V 4.7uF X5R ±10% 0805 Multilayer Ceramic Capacitors MLCC - SMD/SMT ROHS,4715349,$0.0135,SMT,20
C1790,Basic,CL21C101JBANNNC,Samsung Electro-Mechanics,Capacitors,Multilayer Ceramic Capacitors MLCC - SMD/SMT,0805,100pF 50V C0G ±5% 0805 Multilayer Ceramic Capacitors MLCC - SMD/SMT ROHS,1466783,$0.0079,SMT,20
C1798,Basic,CL21C200JBANNNC,Samsung Electro-Mechanics,Capacitors,Multilayer Ceramic Capacitors MLCC - SMD/SMT,0805,20pF 50V C0G ±5% 0805 Multilayer Ceramic Capacitors MLCC - SMD/SMT ROHS,464558,$0.0138,SMT,20
C1804,Basic,CL21C220JBANNNC,Samsung Electro-Mechanics,Capacitors,Multilayer Ceramic Capacitors MLCC - SMD/SMT,0805,22pF 50V C0G ±5% 0805 Multilayer Ceramic Capacitors MLCC - SMD/SMT ROHS,1168930,$0.0090,SMT,20
C5378,Basic,CL21B224KBFNNNE,Samsung Electro-Mechanics,Capacitors,Multilayer Ceramic Capacitors MLCC - SMD/SMT,0805,220nF 50V X7R ±10% 0805 Multilayer Ceramic Capacitors MLCC - SMD/SMT ROHS,1014001,$0.0108,SMT,20
C13967,Basic,CL21B474KBFNNNE,Samsung Electro-Mechanics,Capacitors,Multilayer Ceramic Capacitors MLCC - SMD/SMT,0805,470nF 50V X7R ±10% 0805 Multilayer Ceramic Capacitors MLCC - SMD/SMT ROHS,472768,$0.0133,SMT,20
C14857,Basic,CL21C470JBANNNC,Samsung Electro-Mechanics,Capacitors,Multilayer Ceramic Capacitors MLCC - SMD/SMT,0805,47pF 50V C0G ±5% 0805 Multilayer Ceramic Capacitors MLCC - SMD/SMT ROHS,271279,$0.0110,SMT,20
C15850,Basic,CL21A106KAYNNNE,Samsung Electro-Mechanics,Capacitors,Multilayer Ceramic Capacitors MLCC - SMD/SMT,0805,10uF 25V X5R ±10% 0805 Multilayer Ceramic Capacitors MLCC - SMD/SMT ROHS,4567438,$0.0199,SMT,20
C16780,Basic,CL21A476MQYNNNE,Samsung Electro-Mechanics,Capacitors,Multilayer Ceramic Capacitors MLCC - SMD/SMT,0805,47uF 6.3V X5R ±20% 0805 Multilayer Ceramic Capacitors MLCC - SMD/SMT ROHS,2324814,$0.0353,SMT,5
C28233,Basic,CL21B104KCFNNNE,Samsung Electro-Mechanics,Capacitors,Multilayer Ceramic Capacitors MLCC - SMD/SMT,0805,100V 100nF X7R ±10% 0805 Multilayer Ceramic Capacitors MLCC - SMD/SMT ROHS,3222467,$0.0089,SMT,20
C28260,Basic,CL21C222JBFNNNE,Samsung Electro-Mechanics,Capacitors,Multilayer Ceramic Capacitors MLCC - SMD/SMT,0805,2.2nF 50V C0G ±5% 0805 Multilayer Ceramic Capacitors MLCC - SMD/SMT ROHS,428070,$0.0310,SMT,5
C28323,Basic,CL21B105KBFNNNE,Samsung Electro-Mechanics,Capacitors,Multilayer Ceramic Capacitors MLCC - SMD/SMT,0805,1uF 50V X7R ±10% 0805 Multilayer Ceramic Capacitors MLCC - SMD/SMT ROHS,2817939,$0.0128,SMT,20
C45783,Basic,CL21A226MAQNNNE,Samsung Electro-Mechanics,Capacitors,Multilayer Ceramic Capacitors MLCC - SMD/SMT,0805,22uF 25V X5R ±20% 0805 Multilayer Ceramic Capacitors MLCC - SMD/SMT ROHS,2574887,$0.0295,SMT,20
C46653,Basic,CL21B102KBCNNNC,Samsung Electro-Mechanics,Capacitors,Multilayer Ceramic Capacitors MLCC - SMD/SMT,0805,1nF 50V X7R ±10% 0805 Multilayer Ceramic Capacitors MLCC - SMD/SMT ROHS,1709912,$0.0083,SMT,20
C49678,Basic,CC0805KRX7R9BB104,YAGEO,Capacitors,Multilayer Ceramic Capacitors MLCC - SMD/SMT,0805,100nF 50V X7R ±10% 0805 Multilayer Ceramic Capacitors MLCC - SMD/SMT ROHS,14185016,$0.0047,SMT,20
C53134,Basic,CL21B473KBCNNNC,Samsung Electro-Mechanics,Capacitors,Multilayer Ceramic Capacitors MLCC - SMD/SMT,0805,47nF 50V X7R ±10% 0805 Multilayer Ceramic Capacitors MLCC - SMD/SMT ROHS,155469,$0.0116,SMT,20
C107145,Basic,CC0805KRX7R9BB221,YAGEO,Capacitors,Multilayer Ceramic Capacitors MLCC - SMD/SMT,0805,220pF 50V X7R ±10% 0805 Multilayer Ceramic Capacitors MLCC - SMD/SMT ROHS,231118,$0.0055,SMT,20
C377773,Basic,CL21A225KBQNNNE,Samsung Electro-Mechanics,Capacitors,Multilayer Ceramic Capacitors MLCC - SMD/SMT,0805,2.2uF 50V X5R ±10% 0805 Multilayer Ceramic Capacitors MLCC - SMD/SMT ROHS,2500000,$0.0164,SMT,20
C440198,Basic,GRM21BR61H106KE43L,Murata Electronics,Capacitors,Multilayer Ceramic Capacitors MLCC - SMD/SMT,0805,10uF 50V X5R ±10% 0805 Multilayer Ceramic Capacitors MLCC - SMD/SMT ROHS,1940473,$0.0670,SMT,5
C1846,Basic,1206B103K500NT,FH(Guangdong Fenghua Advanced Tech),Capacitors,Multilayer Ceramic Capacitors MLCC - SMD/SMT,1206,10nF 50V X7R ±10% 1206 Multilayer Ceramic Capacitors MLCC - SMD/SMT ROHS,609369,$0.0125,SMT,20
C1848,Basic,CL31B105KBHNNNE,Samsung Electro-Mechanics,Capacitors,Multilayer Ceramic Capacitors MLCC - SMD/SMT,1206,1uF 50V X7R ±10% 1206 Multilayer Ceramic Capacitors MLCC - SMD/SMT ROHS,1077527,$0.0259,SMT,15
C9196,Basic,1206B102K202NT,FH(Guangdong Fenghua Advanced Tech),Capacitors,Multilayer Ceramic Capacitors MLCC - SMD/SMT,1206,1nF 2kV X7R ±10% 1206 Multilayer Ceramic Capacitors MLCC - SMD/SMT ROHS,3193587,$0.0091,SMT,20
C12891,Basic,CL31A226KAHNNNE,Samsung Electro-Mechanics,Capacitors,Multilayer Ceramic Capacitors MLCC - SMD/SMT,1206,22uF 25V X5R ±10% 1206 Multilayer Ceramic Capacitors MLCC - SMD/SMT ROHS,827092,$0.0521,SMT,5
C13585,Basic,CL31A106KBHNNNE,Samsung Electro-Mechanics,Capacitors,Multilayer Ceramic Capacitors MLCC - SMD/SMT,1206,10uF 50V X5R ±10% 1206 Multilayer Ceramic Capacitors MLCC - SMD/SMT ROHS,1900877,$0.0575,SMT,5
C15008,Basic,CL31A107MQHNNNE,Samsung Electro-Mechanics,Capacitors,Multilayer Ceramic Capacitors MLCC - SMD/SMT,1206,100uF 6.3V X5R ±20% 1206 Multilayer Ceramic Capacitors MLCC - SMD/SMT ROHS,1652143,$0.0570,SMT,5
C24497,Basic,CL31B104KBCNNNC,Samsung Electro-Mechanics,Capacitors,Multilayer Ceramic Capacitors MLCC - SMD/SMT,1206,100nF 50V X7R ±10% 1206 Multilayer Ceramic Capacitors MLCC - SMD/SMT ROHS,2943559,$0.0143,SMT,15
C29823,Basic,1206B475K500NT,FH(Guangdong Fenghua Advanced Tech),Capacitors,Multilayer Ceramic Capacitors MLCC - SMD/SMT,1206,4.7uF 50V X7R ±10% 1206 Multilayer Ceramic Capacitors MLCC - SMD/SMT ROHS,575207,$0.0356,SMT,5
C50254,Basic,CL31B225KBHNNNE,Samsung Electro-Mechanics,Capacitors,Multilayer Ceramic Capacitors MLCC - SMD/SMT,1206,2.2uF 50V X7R ±10% 1206 Multilayer Ceramic Capacitors MLCC - SMD/SMT ROHS,514409,$0.0299,SMT,5
C96123,Basic,CL31A476MPHNNNE,Samsung Electro-Mechanics,Capacitors,Multilayer Ceramic Capacitors MLCC - SMD/SMT,1206,10V 47uF X5R ±20% 1206 Multilayer Ceramic Capacitors MLCC - SMD/SMT ROHS,312192,$0.0776,SMT,5
C7171,Basic,TAJA106K016RNJ,AVX,Capacitors,Tantalum Capacitors,CASE-A-3216-18(mm),-55℃~+125℃ 10uF 16V 3Ω@100kHz ±10% CASE-A-3216-18(mm) Tantalum Capacitors ROHS,930249,$0.1216,SMT,5
C16133,Basic,TAJB107K006RNJ,AVX,Capacitors,Tantalum Capacitors,CASE-B-3528-21(mm),-55℃~+125℃ 1.7Ω@100kHz 100uF 6.3V ±10% CASE-B-3528-21(mm) Tantalum Capacitors ROHS,332793,$0.1870,SMT,5
C8963,Basic,SP3485EN-L/TR,MaxLinear,Communication Interface Chip/UART/485/232,RS-485/RS-422 ICs,SOIC-8,-40℃~+85℃ 1 1 10Mbps 2mA 3.3V 32 Half-Duplex Transceiver SOIC-8 RS-485 / RS-422 ICs ROHS,172770,$0.2698,SMT,1
C13482,Basic,SP3232EEY-L/TR,MaxLinear,Communication Interface Chip/UART/485/232,RS232 ICs,TSSOP-16,-40℃~+85℃ 2 2 235Kbps 3V~5.5V Transceiver Yes ±15kV TSSOP-16 RS232 ICs ROHS,161895,$0.2670,SMT,5
C12674,Basic,X49SM8MSD2SC,Yangxing Tech,"Crystals, Oscillators, Resonators",Crystals,HC-49S-SMD,-20℃~+70℃ 20pF 8MHz Crystal Oscillator ±20ppm ±30ppm HC-49S-SMD Crystals ROHS,375706,$0.0853,SMT,2
C32346,Basic,Q13FC13500004,Seiko Epson,"Crystals, Oscillators, Resonators",Crystals,SMD3215-2P,-40℃~+85℃ 12.5pF 32.768kHz 70kΩ Crystal Oscillator ±20ppm SMD3215-2P Crystals ROHS,614447,$0.1649,SMT,5
C9002,Basic,X322512MSB4SI,Yangxing Tech,"Crystals, Oscillators, Resonators",Crystals,SMD3225-4P,-40℃~+85℃ 12MHz 20pF Crystal Oscillator ±10ppm ±20ppm SMD3225-4P Crystals ROHS,641549,$0.0680,SMT,5
C9006,Basic,X322525MOB4SI,Yangxing Tech,"Crystals, Oscillators, Resonators",Crystals,SMD3225-4P,-40℃~+85℃ 12pF 25MHz Crystal Oscillator ±10ppm ±20ppm SMD3225-4P Crystals ROHS,528210,$0.0673,SMT,5
C13738,Basic,X322516MLB4SI,Yangxing Tech,"Crystals, Oscillators, Resonators",Crystals,SMD3225-4P,-40℃~+85℃ 16MHz 9pF Crystal Oscillator ±10ppm ±20ppm SMD3225-4P Crystals ROHS,443913,$0.0661,SMT,5
C115962,Basic,X50328MSB2GI,Yangxing Tech,"Crystals, Oscillators, Resonators",Crystals,SMD5032-2P,-40℃~+85℃ 20pF 8MHz Crystal Oscillator ±10ppm ±20ppm SMD5032-2P Crystals ROHS,438606,$0.1954,SMT,5
C2488,Basic,MB10S-50MIL,MDD（Microdiode Electronics）,Diodes,Bridge Rectifiers,MBS,-55℃~+150℃ 1.1V@400mA 1A 1kV 35A 5uA@1kV Single-Phase Rectifier MBS Bridge Rectifiers ROHS,275744,$0.0234,SMT,10
C95872,Basic,M7,MDD（Microdiode Electronics）,Diodes,Diodes - General Purpose,SMA(DO-214AC),-55℃~+150℃ 1.1V@1A 1A 1kV 30A 5uA@1kV Independent SMA(DO-214AC) Diodes - General Purpose ROHS,3768268,$0.0081,SMT,5
C64898,Basic,SM4007PL,MDD（Microdiode Electronics）,Diodes,Diodes - General Purpose,SOD-123FL,-55℃~+150℃ 1.1V@1A 10uA@1kV 1A 1kV 25A Independent SOD-123FL Diodes - General Purpose ROHS,2758386,$0.0067,SMT,20
C412437,Basic,US1M,MDD（Microdiode Electronics）,Diodes,Fast Recovery / High Efficiency Diodes,SMA,-55℃~+150℃ 1 Independent 1.65V@1A 1A 1kV 30A 5uA@1kV 75ns SMA Fast Recovery / High Efficiency Diodes ROHS,1471584,$0.0111,SMT,5
C2480,Basic,SS14,MDD（Microdiode Electronics）,Diodes,Schottky Diodes,SMA(DO-214AC),-55℃~+150℃ 1A 25A 300uA@40V 40V 550mV@1A Independent SMA(DO-214AC) Schottky Diodes ROHS,1664025,$0.0154,SMT,5
C8678,Basic,SS34,MDD（Microdiode Electronics）,Diodes,Schottky Diodes,SMA(DO-214AC),-55℃~+125℃ 3A 40V 500uA@40V 550mV@3A Independent SMA(DO-214AC) Schottky Diodes ROHS,2100322,$0.0276,SMT,5
C14996,Basic,SS210,MDD（Microdiode Electronics）,Diodes,Schottky Diodes,SMA(DO-214AC),-55℃~+150℃ 1 Independent 100V 2A 500uA@100V 850mV@2A SMA(DO-214AC) Schottky Diodes ROHS,1058068,$0.0265,SMT,5
C22452,Basic,SS54,MDD（Microdiode Electronics）,Diodes,Schottky Diodes,SMA(DO-214AC),-55℃~+125℃ 1mA@40V 40V 550mV@5A 5A Independent SMA(DO-214AC) Schottky Diodes ROHS,1595169,$0.0333,SMT,5
C8598,Basic,B5819W SL,Changjiang Electronics Tech (CJ),Diodes,Schottky Diodes,SOD-123,1A 40V 600mV@1A 9A Independent SOD-123 Schottky Diodes ROHS,1073604,$0.0224,SMT,20
C191023,Basic,1N5819WS,Guangdong Hottech,Diodes,Schottky Diodes,SOD-323,1 Independent 1A 25A 40V 500uA@40V 600mV@1A SOD-323 Schottky Diodes ROHS,3908721,$0.0101,SMT,20
C81598,Basic,1N4148W,ST(Semtech),Diodes,Switching Diodes,SOD-123,150mA 1A 1V@50mA 1uA@75V 400mW 4ns 75V Independent SOD-123 Switching Diodes ROHS,2778560,$0.0103,SMT,15
C2128,Basic,1N4148WS,Changjiang Electronics Tech (CJ),Diodes,Switching Diodes,SOD-323,1.25V@150mA 100V 150mA 1uA@75V 200mW 2A 4ns Independent SOD-323 Switching Diodes ROHS,5123376,$0.0085,SMT,20
C2500,Basic,"BAV99,215",Nexperia,Diodes,Switching Diodes,SOT-23,1 Pair Series Connection 1.25V@150mA 100V 215mA 250mW 4A 4ns 500nA@80V SOT-23 Switching Diodes ROHS,811701,$0.0163,SMT,10
C68978,Basic,BAV70,Changjiang Electronics Tech (CJ),Diodes,Switching Diodes,SOT-23,-55℃~+150℃ 1 Pair Common Cathode 1.25V@150mA 2.5uA@70V 200mA 225mW 2A 6ns 70V SOT-23 Switching Diodes ROHS,445960,$0.0136,SMT,10
C1002,Basic,GZ1608D601TF,Sunlord,Filters,Ferrite Beads,0603,-55℃~+125℃ 1 200mA 450mΩ 600Ω@100MHz ±25% 0603 Ferrite Beads ROHS,1339294,$0.0137,SMT,20
C14709,Basic,BLM18PG121SN1D,Murata Electronics,Filters,Ferrite Beads,0603,-55℃~+125℃ 1 120Ω@100MHz 2A 50mΩ ±25% 0603 Ferrite Beads ROHS,1929365,$0.0102,SMT,20
C1015,Basic,GZ2012D101TF,Sunlord,Filters,Ferrite Beads,0805,1 100Ω@100MHz 150mΩ 800mA ±25% 0805 Ferrite Beads ROHS,237039,$0.0138,SMT,20
C1017,Basic,GZ2012D601TF,Sunlord,Filters,Ferrite Beads,0805,-55℃~+125℃ 1 300mΩ 500mA 600Ω@100MHz ±25% 0805 Ferrite Beads ROHS,372837,$0.0259,SMT,20
C1035,Basic,SDFL1608S100KTF,Sunlord,"Inductors, Coils, Chokes",Inductors (SMD),0603,1.85Ω 10uH 17MHz 30@2MHz 3mA ±10% 0603 Inductors (SMD) ROHS,97281,$0.0138,SMT,20
C1046,Basic,SDFL2012S100KTF,Sunlord,"Inductors, Coils, Chokes",Inductors (SMD),0805,1.15Ω 10uH 15mA 24MHz 50@2MHz Multilayer inductor ±10% 0805 Inductors (SMD) ROHS,241402,$0.0230,SMT,20
C6855,Basic,SP485EEN-L/TR,MaxLinear,Interface,RS-485 / RS-422 ICs,SOIC-8,-40℃~+85℃ 1 1 10Mbps 4.75V~5.25V 900uA Half-Duplex Transceiver ±15kV SOIC-8 RS-485 / RS-422 ICs ROHS,185477,$0.2166,SMT,1
C720477,Basic,TS-1088-AR02016,XUNPU,Key/Switch,Tactile Switches,"SMD,4x3mm","-30℃~+80℃ 1.6N 100,000 cycles 12V 2mm 3mm 4mm 50mA Black Round Button SMD(SMT) Tab SPST Surface Mount,Vertical Without B",619530,$0.0501,SMT,5
C318884,Basic,TS-1187A-B-A-B,XKB Connectivity,Key/Switch,Tactile Switches,"SMD-4P,5.1x5.1mm","-30℃~+85℃ 1.5mm 1.6N 100,000 cycles 12V 5.1mm 5.1mm 50mA Gold No Round Button SPST Surface Mount,Vertical Without Bracke",1580676,$0.0185,SMT,5
C5605,Basic,"74HC14D,653",Nexperia,Logic ICs,Inverters,SOIC-14,"-40℃~+125℃ 1 1.5V~4.2V 21ns@6V,50pF 2V~6V 2uA 300mV~1.2V 5.2mA 5.2mA 6 74HC Schmitt trigger SOIC-14 Inverters ROHS",168705,$0.2001,SMT,1
C5947,Basic,"74HC595D,118",Nexperia,Logic ICs,Shifting Register,SOIC-16,"-40℃~+125℃ 1 100MHz 19ns@4.5V,50pF 2V~6V 74HC 8 Serial-to-Serial or Parallel Tri-State SOIC-16 Shift Registers ROHS",229817,$0.2264,SMT,1
C97521,Basic,W25Q128JVSIQ,Winbond Elec,Memory,NOR FLASH,SOIC-8-208mil,"-40℃~+85℃ 100,000 cycles 120ms@(32KB) 128Mbit 133MHz 1uA 2.7V~3.6V 20 Years 3ms SPI SOIC-8-208mil NOR FLASH ROHS",175995,$1.9704,SMT,1
C7955,Basic,LM393DR2G,onsemi,Operational Amplifier/Comparator,Comparators,SOIC-8,-18V~-1V、1V~18V 0℃~+70℃ 1.3us 2 25nA 2V~36V 300ns 36V 400uA 5mV 5nA TTL、CMOS SOIC-8 Comparators ROHS,103191,$0.0676,SMT,1
C6961,Basic,TL072CDT,STMicroelectronics,Operational Amplifier/Comparator,FET InputAmplifiers,SO-8,0℃~+70℃ 1.4mA 10uV/℃ 15nV/√Hz@1kHz 16V/us 2 20pA 36V 3mV 40mA 4MHz 5pA 6V~36V 86dB SO-8 FET Input Amplifiers ROHS,395181,$0.1533,SMT,1
C71035,Basic,LM324DT,STMicroelectronics,Operational Amplifier/Comparator,Operational Amplifier,SOIC-14,-15V~-1.5V、1.5V~15V 0℃~+70℃ 1.2mA 1.3MHz 200pA/℃ 20V/us 20nA 300nA 30V 30uV/℃ 3V~30V 4 40nV/√Hz@1kHz 5mV 70mA 80dB SOIC-,143769,$0.1507,SMT,1
C7426,Basic,NE5532DR,Texas Instruments,Operational Amplifier/Comparator,Operational Amplifier,SOIC-8,-15V~15V 0℃~+70℃ 100dB 10MHz 10nA 16mA 1uA 2 30V 38mA 500uV 5nV/√Hz@1kHz 5uV/℃ 9V/us SOIC-8 Operational Amplifier ROHS,94616,$0.0939,SMT,1
C7950,Basic,LM358DR2G,onsemi,Operational Amplifier/Comparator,Operational Amplifier,SOIC-8,-16V~16V 0℃~+70℃ 10pA/℃ 10uV/℃ 150nA 2 32V 3V~32V 40mA 5nA 700uA 70dB 7mV SOIC-8 Operational Amplifier ROHS,194410,$0.0570,SMT,1
C7433,Basic,OP07CDR,Texas Instruments,Operational Amplifier/Comparator,Precision OpAmps,SOIC-8,-18V~-3V、3V~18V 0.3V/us 0℃~+70℃ 1 1.8nA 10.5nV/√Hz@10Hz 120dB 12pA/℃ 400kHz 500nV/℃ 60uV 800pA Built-in compensation SOI,80117,$0.1363,SMT,1
C2297,Basic,KT-0805G,Hubei KENTO Elec,Optoelectronics,LED Indication - Discrete,0805,-40℃~+85℃ 100mW 120° 2.6V~3.1V 430mcd 513nm~528nm 525nm 5mA Discrete Diode Emerald Green Water Clear 0805 LED Indication,2234536,$0.0147,SMT,20
C84256,Basic,NCD0805R1,Foshan NationStar Optoelectronics,Optoelectronics,LED Indication - Discrete,0805,-30℃~+85℃ 1.6V~2.6V 130° 195mcd 25mA 615nm~630nm 630nm 65mW Discrete Diode Red 0805 LED Indication - Discrete ROHS,5618781,$0.0123,SMT,20
C61063,Basic,XL1509-5.0E1,XLSEMI,Power Management (PMIC),DC-DC Converters,SOIC-8,-40℃~+85℃ 1 150kHz 2A 2mA 4.5V~40V 5V Buck Buck Built-in Fixed No SOIC-8 DC-DC Converters ROHS,370079,$0.2179,SMT,1
C9864,Basic,TPS5430DDAR,Texas Instruments,Power Management (PMIC),DC-DC Converters,SOIC-8-EP,-40℃~+125℃@(TJ) 1 1.221V~32.04V 3A 4.4mA 5.5V~36V 500kHz Adjustable Buck Buck Built-in No SOIC-8-EP DC-DC Converters ROH,103366,$0.9170,SMT,1
C3113,Basic,CJ431,Changjiang Electronics Tech (CJ),Power Management (PMIC),Voltage Reference,SOT-23,-25℃~+85℃@(Ta) 100mA 1mA 2.5V~36V 50ppm/℃ Adjustable Parallel ±0.5% SOT-23 Voltage Reference ROHS,626114,$0.0335,SMT,5
C6186,Basic,AMS1117-3.3,Advanced Monolithic Systems,Power Management (PMIC),"Voltage Regulators - Linear, Low Drop Out (LDO) Regulators",SOT-223,-40℃~+125℃ 0.003%Vout 1 1.1V@(800mA) 15V 1A 3.3V 5mA 72dB@(120Hz) Fixed Over Current Protection、Thermal Shutdown Positiv,949581,$0.2090,SMT,2
C6187,Basic,AMS1117-5.0,Advanced Monolithic Systems,Power Management (PMIC),"Voltage Regulators - Linear, Low Drop Out (LDO) Regulators",SOT-223,"-40℃~+125℃ 1 1.3V 15V 1A 5V 60dB Fixed Positive SOT-223 Voltage Regulators - Linear, Low Drop Out (LDO) Regulators ROHS",144423,$0.2201,SMT,5
C5446,Basic,XC6206P332MR-G,Torex Semicon,Power Management (PMIC),"Voltage Regulators - Linear, Low Drop Out (LDO) Regulators",SOT-23-3L,"-40℃~+85℃@(Ta) 1 1uA 200mA 3.3V 6V Fixed Over Current Protection Positive SOT-23-3L Voltage Regulators - Linear, Low Dro",623957,$0.0982,SMT,5
C14289,Basic,HT7533-1,Holtek Semicon,Power Management (PMIC),"Voltage Regulators - Linear, Low Drop Out (LDO) Regulators",SOT-89-3,"-40℃~+85℃@(Ta) 1 100mA 2.5uA 25mV@(1mA) 3.3V 30V Fixed Positive SOT-89-3 Voltage Regulators - Linear, Low Drop Out (LDO)",269877,$0.1065,SMT,5
C71136,Basic,78L05G-AB3-R,UTC(Unisonic Tech),Power Management (PMIC),"Voltage Regulators - Linear, Low Drop Out (LDO) Regulators",SOT-89-3,-40℃~+85℃ 1 1.7V@(40mA) 100mA 2mA 30V 40uV 5V 80dB@(120Hz) Fixed Over Current Protection、Short Circuit Protection、Therma,83709,$0.0650,SMT,5
C58069,Basic,L78M05ABDT-TR,STMicroelectronics,Power Management (PMIC),"Voltage Regulators - Linear, Low Drop Out (LDO) Regulators",TO-252-2(DPAK),-40℃~+125℃@(Tj) 1 2V@(350mA) 35V 40uV 500mA 5V 62dB@(120Hz) 6mA Fixed Over Temperature Protection、Short Circuit Protecti,111038,$0.1490,SMT,2
C4109,Basic,0402WGF2001TCE,UNI-ROYAL(Uniroyal Elec),Resistors,Chip Resistor - Surface Mount,0402,-55℃~+155℃ 2kΩ 50V 62.5mW Thick Film Resistor ±1% ±100ppm/℃ 0402 Chip Resistor - Surface Mount ROHS,3866811,$0.0007,SMT,20
C11702,Basic,0402WGF1001TCE,UNI-ROYAL(Uniroyal Elec),Resistors,Chip Resistor - Surface Mount,0402,-55℃~+155℃ 1kΩ 50V 62.5mW Thick Film Resistor ±1% ±100ppm/℃ 0402 Chip Resistor - Surface Mount ROHS,6690257,$0.0006,SMT,20
C17168,Basic,0402WGF0000TCE,UNI-ROYAL(Uniroyal Elec),Resistors,Chip Resistor - Surface Mount,0402,-55℃~+155℃ 0Ω 50V 62.5mW Thick Film Resistor ±1% ±800ppm/℃ 0402 Chip Resistor - Surface Mount ROHS,4907393,$0.0008,SMT,20
C25076,Basic,0402WGF1000TCE,UNI-ROYAL(Uniroyal Elec),Resistors,Chip Resistor - Surface Mount,0402,-55℃~+155℃ 100Ω 50V 62.5mW Thick Film Resistor ±1% ±100ppm/℃ 0402 Chip Resistor - Surface Mount ROHS,3007169,$0.0007,SMT,20
C25077,Basic,0402WGF100JTCE,UNI-ROYAL(Uniroyal Elec),Resistors,Chip Resistor - Surface Mount,0402,-55℃~+155℃ 10Ω 50V 62.5mW Thick Film Resistor ±1% ±200ppm/℃ 0402 Chip Resistor - Surface Mount ROHS,3616859,$0.0006,SMT,20
C25079,Basic,0402WGF1200TCE,UNI-ROYAL(Uniroyal Elec),Resistors,Chip Resistor - Surface Mount,0402,-55℃~+155℃ 120Ω 50V 62.5mW Thick Film Resistor ±1% ±100ppm/℃ 0402 Chip Resistor - Surface Mount ROHS,1600926,$0.0006,SMT,20
C25087,Basic,0402WGF2000TCE,UNI-ROYAL(Uniroyal Elec),Resistors,Chip Resistor - Surface Mount,0402,-55℃~+155℃ 200Ω 50V 62.5mW Thick Film Resistor ±1% ±100ppm/℃ 0402 Chip Resistor - Surface Mount ROHS,1191874,$0.0006,SMT,20
C25091,Basic,0402WGF2200TCE,UNI-ROYAL(Uniroyal Elec),Resistors,Chip Resistor - Surface Mount,0402,-55℃~+155℃ 220Ω 50V 62.5mW Thick Film Resistor ±1% ±100ppm/℃ 0402 Chip Resistor - Surface Mount ROHS,6064661,$0.0007,SMT,20
C25092,Basic,0402WGF220JTCE,UNI-ROYAL(Uniroyal Elec),Resistors,Chip Resistor - Surface Mount,0402,-55℃~+155℃ 22Ω 50V 62.5mW Thick Film Resistor ±1% ±100ppm/℃ 0402 Chip Resistor - Surface Mount ROHS,3735780,$0.0007,SMT,20
C25104,Basic,0402WGF3300TCE,UNI-ROYAL(Uniroyal Elec),Resistors,Chip Resistor - Surface Mount,0402,-55℃~+155℃ 330Ω 50V 62.5mW Thick Film Resistor ±1% ±100ppm/℃ 0402 Chip Resistor - Surface Mount ROHS,3952848,$0.0008,SMT,20
C25105,Basic,0402WGF330JTCE,UNI-ROYAL(Uniroyal Elec),Resistors,Chip Resistor - Surface Mount,0402,-55℃~+155℃ 33Ω 50V 62.5mW Thick Film Resistor ±1% ±100ppm/℃ 0402 Chip Resistor - Surface Mount ROHS,3528819,$0.0009,SMT,20
C25117,Basic,0402WGF4700TCE,UNI-ROYAL(Uniroyal Elec),Resistors,Chip Resistor - Surface Mount,0402,-55℃~+155℃ 470Ω 50V 62.5mW Thick Film Resistor ±1% ±100ppm/℃ 0402 Chip Resistor - Surface Mount ROHS,1709108,$0.0007,SMT,20
C25120,Basic,0402WGF499JTCE,UNI-ROYAL(Uniroyal Elec),Resistors,Chip Resistor - Surface Mount,0402,-55℃~+155℃ 49.9Ω 50V 62.5mW Thick Film Resistor ±1% ±100ppm/℃ 0402 Chip Resistor - Surface Mount ROHS,2560452,$0.0006,SMT,20
C25123,Basic,0402WGF5100TCE,UNI-ROYAL(Uniroyal Elec),Resistors,Chip Resistor - Surface Mount,0402,-55℃~+155℃ 50V 510Ω 62.5mW Thick Film Resistor ±1% ±100ppm/℃ 0402 Chip Resistor - Surface Mount ROHS,1088706,$0.0008,SMT,20
C25741,Basic,0402WGF1003TCE,UNI-ROYAL(Uniroyal Elec),Resistors,Chip Resistor - Surface Mount,0402,-55℃~+155℃ 100kΩ 50V 62.5mW Thick Film Resistor ±1% ±100ppm/℃ 0402 Chip Resistor - Surface Mount ROHS,5244197,$0.0007,SMT,20
C25744,Basic,0402WGF1002TCE,UNI-ROYAL(Uniroyal Elec),Resistors,Chip Resistor - Surface Mount,0402,-55℃~+155℃ 10kΩ 50V 62.5mW Thick Film Resistor ±1% ±100ppm/℃ 0402 Chip Resistor - Surface Mount ROHS,4191623,$0.0011,SMT,20
C25752,Basic,0402WGF1202TCE,UNI-ROYAL(Uniroyal Elec),Resistors,Chip Resistor - Surface Mount,0402,-55℃~+155℃ 12kΩ 50V 62.5mW Thick Film Resistor ±1% ±100ppm/℃ 0402 Chip Resistor - Surface Mount ROHS,1768575,$0.0006,SMT,20
C25756,Basic,0402WGF1502TCE,UNI-ROYAL(Uniroyal Elec),Resistors,Chip Resistor - Surface Mount,0402,-55℃~+155℃ 15kΩ 50V 62.5mW Thick Film Resistor ±1% ±100ppm/℃ 0402 Chip Resistor - Surface Mount ROHS,1897791,$0.0007,SMT,20
C25764,Basic,0402WGF2003TCE,UNI-ROYAL(Uniroyal Elec),Resistors,Chip Resistor - Surface Mount,0402,-55℃~+155℃ 200kΩ 50V 62.5mW Thick Film Resistor ±1% ±100ppm/℃ 0402 Chip Resistor - Surface Mount ROHS,2098518,$0.0008,SMT,20
C25765,Basic,0402WGF2002TCE,UNI-ROYAL(Uniroyal Elec),Resistors,Chip Resistor - Surface Mount,0402,-55℃~+155℃ 20kΩ 50V 62.5mW Thick Film Resistor ±1% ±100ppm/℃ 0402 Chip Resistor - Surface Mount ROHS,3652653,$0.0009,SMT,20
C25768,Basic,0402WGF2202TCE,UNI-ROYAL(Uniroyal Elec),Resistors,Chip Resistor - Surface Mount,0402,-55℃~+155℃ 22kΩ 50V 62.5mW Thick Film Resistor ±1% ±100ppm/℃ 0402 Chip Resistor - Surface Mount ROHS,1112490,$0.0009,SMT,20
C25779,Basic,0402WGF3302TCE,UNI-ROYAL(Uniroyal Elec),Resistors,Chip Resistor - Surface Mount,0402,-55℃~+155℃ 33kΩ 50V 62.5mW Thick Film Resistor ±1% ±100ppm/℃ 0402 Chip Resistor - Surface Mount ROHS,860857,$0.0008,SMT,20
C25792,Basic,0402WGF4702TCE,UNI-ROYAL(Uniroyal Elec),Resistors,Chip Resistor - Surface Mount,0402,-55℃~+155℃ 47kΩ 50V 62.5mW Thick Film Resistor ±1% ±100ppm/℃ 0402 Chip Resistor - Surface Mount ROHS,5188148,$0.0007,SMT,20
C25794,Basic,0402WGF5102TCE,UNI-ROYAL(Uniroyal Elec),Resistors,Chip Resistor - Surface Mount,0402,-55℃~+155℃ 50V 51kΩ 62.5mW Thick Film Resistor ±1% ±100ppm/℃ 0402 Chip Resistor - Surface Mount ROHS,2423592,$0.0008,SMT,20
C25867,Basic,0402WGF1501TCE,UNI-ROYAL(Uniroyal Elec),Resistors,Chip Resistor - Surface Mount,0402,-55℃~+155℃ 1.5kΩ 50V 62.5mW Thick Film Resistor ±1% ±100ppm/℃ 0402 Chip Resistor - Surface Mount ROHS,1158542,$0.0008,SMT,20
C25879,Basic,0402WGF2201TCE,UNI-ROYAL(Uniroyal Elec),Resistors,Chip Resistor - Surface Mount,0402,-55℃~+155℃ 2.2kΩ 50V 62.5mW Thick Film Resistor ±1% ±100ppm/℃ 0402 Chip Resistor - Surface Mount ROHS,1536701,$0.0007,SMT,20
C25890,Basic,0402WGF3301TCE,UNI-ROYAL(Uniroyal Elec),Resistors,Chip Resistor - Surface Mount,0402,-55℃~+155℃ 3.3kΩ 50V 62.5mW Thick Film Resistor ±1% ±100ppm/℃ 0402 Chip Resistor - Surface Mount ROHS,3366166,$0.0007,SMT,20
C25900,Basic,0402WGF4701TCE,UNI-ROYAL(Uniroyal Elec),Resistors,Chip Resistor - Surface Mount,0402,-55℃~+155℃ 4.7kΩ 50V 62.5mW Thick Film Resistor ±1% ±100ppm/℃ 0402 Chip Resistor - Surface Mount ROHS,4461386,$0.0007,SMT,20
C25905,Basic,0402WGF5101TCE,UNI-ROYAL(Uniroyal Elec),Resistors,Chip Resistor - Surface Mount,0402,-55℃~+155℃ 5.1kΩ 50V 62.5mW Thick Film Resistor ±1% ±100ppm/℃ 0402 Chip Resistor - Surface Mount ROHS,11061446,$0.0007,SMT,20
C26083,Basic,0402WGF1004TCE,UNI-ROYAL(Uniroyal Elec),Resistors,Chip Resistor - Surface Mount,0402,-55℃~+155℃ 1MΩ 50V 62.5mW Thick Film Resistor ±1% ±100ppm/℃ 0402 Chip Resistor - Surface Mount ROHS,2998775,$0.0007,SMT,20
C4177,Basic,0603WAF1801T5E,UNI-ROYAL(Uniroyal Elec),Resistors,Chip Resistor - Surface Mount,0603,-55℃~+155℃ 1.8kΩ 100mW 75V Thick Film Resistor ±1% ±100ppm/℃ 0603 Chip Resistor - Surface Mount ROHS,785774,$0.0012,SMT,20
C4184,Basic,0603WAF2002T5E,UNI-ROYAL(Uniroyal Elec),Resistors,Chip Resistor - Surface Mount,0603,-55℃~+155℃ 100mW 20kΩ 75V Thick Film Resistor ±1% ±100ppm/℃ 0603 Chip Resistor - Surface Mount ROHS,6650154,$0.0011,SMT,20
C4190,Basic,0603WAF2201T5E,UNI-ROYAL(Uniroyal Elec),Resistors,Chip Resistor - Surface Mount,0603,-55℃~+155℃ 100mW 2.2kΩ 75V Thick Film Resistor ±1% ±100ppm/℃ 0603 Chip Resistor - Surface Mount ROHS,2920710,$0.0012,SMT,20
C4211,Basic,0603WAF3001T5E,UNI-ROYAL(Uniroyal Elec),Resistors,Chip Resistor - Surface Mount,0603,-55℃~+155℃ 100mW 3kΩ 75V Thick Film Resistor ±1% ±100ppm/℃ 0603 Chip Resistor - Surface Mount ROHS,1935264,$0.0011,SMT,20
C4216,Basic,0603WAF3302T5E,UNI-ROYAL(Uniroyal Elec),Resistors,Chip Resistor - Surface Mount,0603,-55℃~+155℃ 100mW 33kΩ 75V Thick Film Resistor ±1% ±100ppm/℃ 0603 Chip Resistor - Surface Mount ROHS,1039931,$0.0011,SMT,20
C4260,Basic,0603WAF6201T5E,UNI-ROYAL(Uniroyal Elec),Resistors,Chip Resistor - Surface Mount,0603,-55℃~+155℃ 100mW 6.2kΩ 75V Thick Film Resistor ±1% ±100ppm/℃ 0603 Chip Resistor - Surface Mount ROHS,493657,$0.0010,SMT,20
C4275,Basic,0603WAF750JT5E,UNI-ROYAL(Uniroyal Elec),Resistors,Chip Resistor - Surface Mount,0603,-55℃~+155℃ 100mW 75V 75Ω Thick Film Resistor ±1% ±100ppm/℃ 0603 Chip Resistor - Surface Mount ROHS,2923669,$0.0013,SMT,20
C7250,Basic,0603WAF1005T5E,UNI-ROYAL(Uniroyal Elec),Resistors,Chip Resistor - Surface Mount,0603,-55℃~+155℃ 100mW 10MΩ 75V Thick Film Resistor ±1% ±100ppm/℃ 0603 Chip Resistor - Surface Mount ROHS,388825,$0.0017,SMT,20
C8218,Basic,0603WAF2000T5E,UNI-ROYAL(Uniroyal Elec),Resistors,Chip Resistor - Surface Mount,0603,-55℃~+155℃ 100mW 200Ω 75V Thick Film Resistor ±1% ±100ppm/℃ 0603 Chip Resistor - Surface Mount ROHS,1041103,$0.0012,SMT,20
C13167,Basic,0603WAF2701T5E,UNI-ROYAL(Uniroyal Elec),Resistors,Chip Resistor - Surface Mount,0603,-55℃~+155℃ 100mW 2.7kΩ 75V Thick Film Resistor ±1% ±100ppm/℃ 0603 Chip Resistor - Surface Mount ROHS,1209964,$0.0011,SMT,20
C21189,Basic,0603WAF0000T5E,UNI-ROYAL(Uniroyal Elec),Resistors,Chip Resistor - Surface Mount,0603,-55℃~+155℃ 0Ω 100mW 75V Thick Film Resistor ±1% 0603 Chip Resistor - Surface Mount ROHS,13902554,$0.0012,SMT,20
C21190,Basic,0603WAF1001T5E,UNI-ROYAL(Uniroyal Elec),Resistors,Chip Resistor - Surface Mount,0603,-55℃~+155℃ 100mW 1kΩ 75V Thick Film Resistor ±1% ±100ppm/℃ 0603 Chip Resistor - Surface Mount ROHS,39844596,$0.0013,SMT,20
C22765,Basic,0603WAF1201T5E,UNI-ROYAL(Uniroyal Elec),Resistors,Chip Resistor - Surface Mount,0603,-55℃~+155℃ 1.2kΩ 100mW 75V Thick Film Resistor ±1% ±100ppm/℃ 0603 Chip Resistor - Surface Mount ROHS,904169,$0.0015,SMT,20
C22775,Basic,0603WAF1000T5E,UNI-ROYAL(Uniroyal Elec),Resistors,Chip Resistor - Surface Mount,0603,-55℃~+155℃ 100mW 100Ω 75V Thick Film Resistor ±1% ±100ppm/℃ 0603 Chip Resistor - Surface Mount ROHS,9270288,$0.0012,SMT,20
C22787,Basic,0603WAF1200T5E,UNI-ROYAL(Uniroyal Elec),Resistors,Chip Resistor - Surface Mount,0603,-55℃~+155℃ 100mW 120Ω 75V Thick Film Resistor ±1% ±100ppm/℃ 0603 Chip Resistor - Surface Mount ROHS,1754376,$0.0016,SMT,20
C22790,Basic,0603WAF1202T5E,UNI-ROYAL(Uniroyal Elec),Resistors,Chip Resistor - Surface Mount,0603,-55℃~+155℃ 100mW 12kΩ 75V Thick Film Resistor ±1% ±100ppm/℃ 0603 Chip Resistor - Surface Mount ROHS,1125311,$0.0012,SMT,20
C22797,Basic,0603WAF1302T5E,UNI-ROYAL(Uniroyal Elec),Resistors,Chip Resistor - Surface Mount,0603,-55℃~+155℃ 100mW 13kΩ 75V Thick Film Resistor ±1% ±100ppm/℃ 0603 Chip Resistor - Surface Mount ROHS,303822,$0.0014,SMT,20
C22807,Basic,0603WAF1503T5E,UNI-ROYAL(Uniroyal Elec),Resistors,Chip Resistor - Surface Mount,0603,-55℃~+155℃ 100mW 150kΩ 75V Thick Film Resistor ±1% ±100ppm/℃ 0603 Chip Resistor - Surface Mount ROHS,904431,$0.0011,SMT,20
C22808,Basic,0603WAF1500T5E,UNI-ROYAL(Uniroyal Elec),Resistors,Chip Resistor - Surface Mount,0603,-55℃~+155℃ 100mW 150Ω 75V Thick Film Resistor ±1% ±100ppm/℃ 0603 Chip Resistor - Surface Mount ROHS,473427,$0.0012,SMT,20
C22809,Basic,0603WAF1502T5E,UNI-ROYAL(Uniroyal Elec),Resistors,Chip Resistor - Surface Mount,0603,-55℃~+155℃ 100mW 15kΩ 75V Thick Film Resistor ±1% ±100ppm/℃ 0603 Chip Resistor - Surface Mount ROHS,2155240,$0.0012,SMT,20
C22843,Basic,0603WAF1501T5E,UNI-ROYAL(Uniroyal Elec),Resistors,Chip Resistor - Surface Mount,0603,-55℃~+155℃ 1.5kΩ 100mW 75V Thick Film Resistor ±1% ±100ppm/℃ 0603 Chip Resistor - Surface Mount ROHS,2668089,$0.0012,SMT,20
C22859,Basic,0603WAF100JT5E,UNI-ROYAL(Uniroyal Elec),Resistors,Chip Resistor - Surface Mount,0603,-55℃~+155℃ 100mW 10Ω 75V Thick Film Resistor ±1% ±400ppm/℃ 0603 Chip Resistor - Surface Mount ROHS,2613887,$0.0015,SMT,20
C22935,Basic,0603WAF1004T5E,UNI-ROYAL(Uniroyal Elec),Resistors,Chip Resistor - Surface Mount,0603,-55℃~+155℃ 100mW 1MΩ 75V Thick Film Resistor ±1% ±100ppm/℃ 0603 Chip Resistor - Surface Mount ROHS,4092207,$0.0012,SMT,20
C22936,Basic,0603WAF100KT5E,UNI-ROYAL(Uniroyal Elec),Resistors,Chip Resistor - Surface Mount,0603,-55℃~+155℃ 100mW 1Ω 75V Thick Film Resistor ±1% ±400ppm/℃ 0603 Chip Resistor - Surface Mount ROHS,821215,$0.0018,SMT,20
C22939,Basic,0603WAF220KT5E,UNI-ROYAL(Uniroyal Elec),Resistors,Chip Resistor - Surface Mount,0603,-55℃~+155℃ 100mW 2.2Ω 75V Thick Film Resistor ±1% ±400ppm/℃ 0603 Chip Resistor - Surface Mount ROHS,161421,$0.0020,SMT,20
C22940,Basic,0603WAF2401T5E,UNI-ROYAL(Uniroyal Elec),Resistors,Chip Resistor - Surface Mount,0603,-55℃~+155℃ 100mW 2.4kΩ 75V Thick Film Resistor ±1% ±100ppm/℃ 0603 Chip Resistor - Surface Mount ROHS,1414566,$0.0012,SMT,20
C22950,Basic,0603WAF200JT5E,UNI-ROYAL(Uniroyal Elec),Resistors,Chip Resistor - Surface Mount,0603,-55℃~+155℃ 100mW 20Ω 75V Thick Film Resistor ±1% ±100ppm/℃ 0603 Chip Resistor - Surface Mount ROHS,2169178,$0.0014,SMT,20
C22961,Basic,0603WAF2203T5E,UNI-ROYAL(Uniroyal Elec),Resistors,Chip Resistor - Surface Mount,0603,-55℃~+155℃ 100mW 220kΩ 75V Thick Film Resistor ±1% ±100ppm/℃ 0603 Chip Resistor - Surface Mount ROHS,170862,$0.0014,SMT,20
C22962,Basic,0603WAF2200T5E,UNI-ROYAL(Uniroyal Elec),Resistors,Chip Resistor - Surface Mount,0603,-55℃~+155℃ 100mW 220Ω 75V Thick Film Resistor ±1% ±100ppm/℃ 0603 Chip Resistor - Surface Mount ROHS,2762858,$0.0012,SMT,20
C22966,Basic,0603WAF2700T5E,UNI-ROYAL(Uniroyal Elec),Resistors,Chip Resistor - Surface Mount,0603,-55℃~+155℃ 100mW 270Ω 75V Thick Film Resistor ±1% ±100ppm/℃ 0603 Chip Resistor - Surface Mount ROHS,1485871,$0.0015,SMT,20
C22967,Basic,0603WAF2702T5E,UNI-ROYAL(Uniroyal Elec),Resistors,Chip Resistor - Surface Mount,0603,-55℃~+155℃ 100mW 27kΩ 75V Thick Film Resistor ±1% ±100ppm/℃ 0603 Chip Resistor - Surface Mount ROHS,3126851,$0.0012,SMT,20
C22975,Basic,0603WAF2001T5E,UNI-ROYAL(Uniroyal Elec),Resistors,Chip Resistor - Surface Mount,0603,-55℃~+155℃ 100mW 2kΩ 75V Thick Film Resistor ±1% ±100ppm/℃ 0603 Chip Resistor - Surface Mount ROHS,6989906,$0.0013,SMT,20
C22976,Basic,0603WAF2004T5E,UNI-ROYAL(Uniroyal Elec),Resistors,Chip Resistor - Surface Mount,0603,-55℃~+155℃ 100mW 2MΩ 75V Thick Film Resistor ±1% ±100ppm/℃ 0603 Chip Resistor - Surface Mount ROHS,723877,$0.0015,SMT,20
C22977,Basic,0603WAF200KT5E,UNI-ROYAL(Uniroyal Elec),Resistors,Chip Resistor - Surface Mount,0603,-55℃~+155℃ 100mW 2Ω 75V Thick Film Resistor ±1% ±200ppm/℃ 0603 Chip Resistor - Surface Mount ROHS,235771,$0.0018,SMT,20
C22978,Basic,0603WAF3301T5E,UNI-ROYAL(Uniroyal Elec),Resistors,Chip Resistor - Surface Mount,0603,-55℃~+155℃ 100mW 3.3kΩ 75V Thick Film Resistor ±1% ±100ppm/℃ 0603 Chip Resistor - Surface Mount ROHS,3412895,$0.0013,SMT,20
C22980,Basic,0603WAF3601T5E,UNI-ROYAL(Uniroyal Elec),Resistors,Chip Resistor - Surface Mount,0603,-55℃~+155℃ 100mW 3.6kΩ 75V Thick Film Resistor ±1% ±100ppm/℃ 0603 Chip Resistor - Surface Mount ROHS,267604,$0.0013,SMT,20
C22984,Basic,0603WAF3002T5E,UNI-ROYAL(Uniroyal Elec),Resistors,Chip Resistor - Surface Mount,0603,-55℃~+155℃ 100mW 30kΩ 75V Thick Film Resistor ±1% ±100ppm/℃ 0603 Chip Resistor - Surface Mount ROHS,1981855,$0.0013,SMT,20
C23018,Basic,0603WAF3901T5E,UNI-ROYAL(Uniroyal Elec),Resistors,Chip Resistor - Surface Mount,0603,-55℃~+155℃ 100mW 3.9kΩ 75V Thick Film Resistor ±1% ±100ppm/℃ 0603 Chip Resistor - Surface Mount ROHS,1485862,$0.0013,SMT,20
C23024,Basic,0603WAF3003T5E,UNI-ROYAL(Uniroyal Elec),Resistors,Chip Resistor - Surface Mount,0603,-55℃~+155℃ 100mW 300kΩ 75V Thick Film Resistor ±1% ±100ppm/℃ 0603 Chip Resistor - Surface Mount ROHS,1836916,$0.0012,SMT,20
C23025,Basic,0603WAF3000T5E,UNI-ROYAL(Uniroyal Elec),Resistors,Chip Resistor - Surface Mount,0603,-55℃~+155℃ 100mW 300Ω 75V Thick Film Resistor ±1% ±100ppm/℃ 0603 Chip Resistor - Surface Mount ROHS,1130466,$0.0011,SMT,20
C23046,Basic,0603WAF4991T5E,UNI-ROYAL(Uniroyal Elec),Resistors,Chip Resistor - Surface Mount,0603,-55℃~+155℃ 100mW 4.99kΩ 75V Thick Film Resistor ±1% ±100ppm/℃ 0603 Chip Resistor - Surface Mount ROHS,534187,$0.0011,SMT,20
C23137,Basic,0603WAF3303T5E,UNI-ROYAL(Uniroyal Elec),Resistors,Chip Resistor - Surface Mount,0603,-55℃~+155℃ 100mW 330kΩ 75V Thick Film Resistor ±1% ±100ppm/℃ 0603 Chip Resistor - Surface Mount ROHS,1111897,$0.0014,SMT,20
C23138,Basic,0603WAF3300T5E,UNI-ROYAL(Uniroyal Elec),Resistors,Chip Resistor - Surface Mount,0603,-55℃~+155℃ 100mW 330Ω 75V Thick Film Resistor ±1% ±100ppm/℃ 0603 Chip Resistor - Surface Mount ROHS,3511720,$0.0014,SMT,20
C23140,Basic,0603WAF330JT5E,UNI-ROYAL(Uniroyal Elec),Resistors,Chip Resistor - Surface Mount,0603,-55℃~+155℃ 100mW 33Ω 75V Thick Film Resistor ±1% ±100ppm/℃ 0603 Chip Resistor - Surface Mount ROHS,2873644,$0.0015,SMT,20
C23151,Basic,0603WAF3900T5E,UNI-ROYAL(Uniroyal Elec),Resistors,Chip Resistor - Surface Mount,0603,-55℃~+155℃ 100mW 390Ω 75V Thick Film Resistor ±1% ±100ppm/℃ 0603 Chip Resistor - Surface Mount ROHS,311280,$0.0011,SMT,20
C23153,Basic,0603WAF3902T5E,UNI-ROYAL(Uniroyal Elec),Resistors,Chip Resistor - Surface Mount,0603,-55℃~+155℃ 100mW 39kΩ 75V Thick Film Resistor ±1% ±100ppm/℃ 0603 Chip Resistor - Surface Mount ROHS,526437,$0.0011,SMT,20
C23162,Basic,0603WAF4701T5E,UNI-ROYAL(Uniroyal Elec),Resistors,Chip Resistor - Surface Mount,0603,-55℃~+155℃ 100mW 4.7kΩ 75V Thick Film Resistor ±1% ±100ppm/℃ 0603 Chip Resistor - Surface Mount ROHS,21915184,$0.0011,SMT,20
C23164,Basic,0603WAF470KT5E,UNI-ROYAL(Uniroyal Elec),Resistors,Chip Resistor - Surface Mount,0603,-55℃~+155℃ 100mW 4.7Ω 75V Thick Film Resistor ±1% ±400ppm/℃ 0603 Chip Resistor - Surface Mount ROHS,699947,$0.0019,SMT,20
C23178,Basic,0603WAF4703T5E,UNI-ROYAL(Uniroyal Elec),Resistors,Chip Resistor - Surface Mount,0603,-55℃~+155℃ 100mW 470kΩ 75V Thick Film Resistor ±1% ±100ppm/℃ 0603 Chip Resistor - Surface Mount ROHS,1260786,$0.0014,SMT,20
C23179,Basic,0603WAF4700T5E,UNI-ROYAL(Uniroyal Elec),Resistors,Chip Resistor - Surface Mount,0603,-55℃~+155℃ 100mW 470Ω 75V Thick Film Resistor ±1% ±100ppm/℃ 0603 Chip Resistor - Surface Mount ROHS,2978459,$0.0013,SMT,20
C23182,Basic,0603WAF470JT5E,UNI-ROYAL(Uniroyal Elec),Resistors,Chip Resistor - Surface Mount,0603,-55℃~+155℃ 100mW 47Ω 75V Thick Film Resistor ±1% ±100ppm/℃ 0603 Chip Resistor - Surface Mount ROHS,1499721,$0.0011,SMT,20
C23184,Basic,0603WAF4992T5E,UNI-ROYAL(Uniroyal Elec),Resistors,Chip Resistor - Surface Mount,0603,-55℃~+155℃ 100mW 49.9kΩ 75V Thick Film Resistor ±1% ±100ppm/℃ 0603 Chip Resistor - Surface Mount ROHS,1399095,$0.0012,SMT,20
C23185,Basic,0603WAF499JT5E,UNI-ROYAL(Uniroyal Elec),Resistors,Chip Resistor - Surface Mount,0603,-55℃~+155℃ 100mW 49.9Ω 75V Thick Film Resistor ±1% ±100ppm/℃ 0603 Chip Resistor - Surface Mount ROHS,1586884,$0.0012,SMT,20
C23186,Basic,0603WAF5101T5E,UNI-ROYAL(Uniroyal Elec),Resistors,Chip Resistor - Surface Mount,0603,-55℃~+155℃ 100mW 5.1kΩ 75V Thick Film Resistor ±1% ±100ppm/℃ 0603 Chip Resistor - Surface Mount ROHS,2076828,$0.0013,SMT,20
C23189,Basic,0603WAF5601T5E,UNI-ROYAL(Uniroyal Elec),Resistors,Chip Resistor - Surface Mount,0603,-55℃~+155℃ 100mW 5.6kΩ 75V Thick Film Resistor ±1% ±100ppm/℃ 0603 Chip Resistor - Surface Mount ROHS,785954,$0.0010,SMT,20
C23192,Basic,0603WAF5103T5E,UNI-ROYAL(Uniroyal Elec),Resistors,Chip Resistor - Surface Mount,0603,-55℃~+155℃ 100mW 510kΩ 75V Thick Film Resistor ±1% ±100ppm/℃ 0603 Chip Resistor - Surface Mount ROHS,606690,$0.0012,SMT,20
C23193,Basic,0603WAF5100T5E,UNI-ROYAL(Uniroyal Elec),Resistors,Chip Resistor - Surface Mount,0603,-55℃~+155℃ 100mW 510Ω 75V Thick Film Resistor ±1% ±100ppm/℃ 0603 Chip Resistor - Surface Mount ROHS,2386785,$0.0012,SMT,20
C23196,Basic,0603WAF5102T5E,UNI-ROYAL(Uniroyal Elec),Resistors,Chip Resistor - Surface Mount,0603,-55℃~+155℃ 100mW 51kΩ 75V Thick Film Resistor ±1% ±100ppm/℃ 0603 Chip Resistor - Surface Mount ROHS,1145686,$0.0011,SMT,20
C23197,Basic,0603WAF510JT5E,UNI-ROYAL(Uniroyal Elec),Resistors,Chip Resistor - Surface Mount,0603,-55℃~+155℃ 100mW 51Ω 75V Thick Film Resistor ±1% ±100ppm/℃ 0603 Chip Resistor - Surface Mount ROHS,1690140,$0.0014,SMT,20
C23204,Basic,0603WAF5600T5E,UNI-ROYAL(Uniroyal Elec),Resistors,Chip Resistor - Surface Mount,0603,-55℃~+155℃ 100mW 560Ω 75V Thick Film Resistor ±1% ±100ppm/℃ 0603 Chip Resistor - Surface Mount ROHS,643939,$0.0014,SMT,20
C23206,Basic,0603WAF5602T5E,UNI-ROYAL(Uniroyal Elec),Resistors,Chip Resistor - Surface Mount,0603,-55℃~+155℃ 100mW 56kΩ 75V Thick Film Resistor ±1% ±100ppm/℃ 0603 Chip Resistor - Surface Mount ROHS,1000687,$0.0012,SMT,20
C23212,Basic,0603WAF6801T5E,UNI-ROYAL(Uniroyal Elec),Resistors,Chip Resistor - Surface Mount,0603,-55℃~+155℃ 100mW 6.8kΩ 75V Thick Film Resistor ±1% ±100ppm/℃ 0603 Chip Resistor - Surface Mount ROHS,1165146,$0.0014,SMT,20
C23228,Basic,0603WAF6800T5E,UNI-ROYAL(Uniroyal Elec),Resistors,Chip Resistor - Surface Mount,0603,-55℃~+155℃ 100mW 680Ω 75V Thick Film Resistor ±1% ±100ppm/℃ 0603 Chip Resistor - Surface Mount ROHS,841075,$0.0012,SMT,20
C23231,Basic,0603WAF6802T5E,UNI-ROYAL(Uniroyal Elec),Resistors,Chip Resistor - Surface Mount,0603,-55℃~+155℃ 100mW 68kΩ 75V Thick Film Resistor ±1% ±100ppm/℃ 0603 Chip Resistor - Surface Mount ROHS,339323,$0.0013,SMT,20
C23234,Basic,0603WAF7501T5E,UNI-ROYAL(Uniroyal Elec),Resistors,Chip Resistor - Surface Mount,0603,-55℃~+155℃ 100mW 7.5kΩ 75V Thick Film Resistor ±1% ±100ppm/℃ 0603 Chip Resistor - Surface Mount ROHS,1563279,$0.0011,SMT,20
C23242,Basic,0603WAF7502T5E,UNI-ROYAL(Uniroyal Elec),Resistors,Chip Resistor - Surface Mount,0603,-55℃~+155℃ 100mW 75V 75kΩ Thick Film Resistor ±1% ±100ppm/℃ 0603 Chip Resistor - Surface Mount ROHS,728776,$0.0011,SMT,20
C23253,Basic,0603WAF8200T5E,UNI-ROYAL(Uniroyal Elec),Resistors,Chip Resistor - Surface Mount,0603,-55℃~+155℃ 100mW 75V 820Ω Thick Film Resistor ±1% ±100ppm/℃ 0603 Chip Resistor - Surface Mount ROHS,423020,$0.0013,SMT,20
C23254,Basic,0603WAF8202T5E,UNI-ROYAL(Uniroyal Elec),Resistors,Chip Resistor - Surface Mount,0603,-55℃~+155℃ 100mW 75V 82kΩ Thick Film Resistor ±1% ±100ppm/℃ 0603 Chip Resistor - Surface Mount ROHS,535709,$0.0014,SMT,20
C23260,Basic,0603WAF9101T5E,UNI-ROYAL(Uniroyal Elec),Resistors,Chip Resistor - Surface Mount,0603,-55℃~+155℃ 100mW 75V 9.1kΩ Thick Film Resistor ±1% ±100ppm/℃ 0603 Chip Resistor - Surface Mount ROHS,566932,$0.0013,SMT,20
C23345,Basic,0603WAF220JT5E,UNI-ROYAL(Uniroyal Elec),Resistors,Chip Resistor - Surface Mount,0603,-55℃~+155℃ 100mW 22Ω 75V Thick Film Resistor ±1% ±100ppm/℃ 0603 Chip Resistor - Surface Mount ROHS,4031533,$0.0012,SMT,20
C23352,Basic,0603WAF2402T5E,UNI-ROYAL(Uniroyal Elec),Resistors,Chip Resistor - Surface Mount,0603,-55℃~+155℃ 100mW 24kΩ 75V Thick Film Resistor ±1% ±100ppm/℃ 0603 Chip Resistor - Surface Mount ROHS,277113,$0.0011,SMT,20
C25197,Basic,0603WAF510KT5E,UNI-ROYAL(Uniroyal Elec),Resistors,Chip Resistor - Surface Mount,0603,-55℃~+155℃ 100mW 5.1Ω 75V Thick Film Resistor ±1% ±200ppm/℃ 0603 Chip Resistor - Surface Mount ROHS,1065899,$0.0020,SMT,20
C25803,Basic,0603WAF1003T5E,UNI-ROYAL(Uniroyal Elec),Resistors,Chip Resistor - Surface Mount,0603,-55℃~+155℃ 100kΩ 100mW 75V Thick Film Resistor ±1% ±100ppm/℃ 0603 Chip Resistor - Surface Mount ROHS,10814547,$0.0012,SMT,20
C25804,Basic,0603WAF1002T5E,UNI-ROYAL(Uniroyal Elec),Resistors,Chip Resistor - Surface Mount,0603,-55℃~+155℃ 100mW 10kΩ 75V Thick Film Resistor ±1% ±100ppm/℃ 0603 Chip Resistor - Surface Mount ROHS,22319909,$0.0012,SMT,20
C25808,Basic,0603WAF1203T5E,UNI-ROYAL(Uniroyal Elec),Resistors,Chip Resistor - Surface Mount,0603,-55℃~+155℃ 100mW 120kΩ 75V Thick Film Resistor ±1% ±100ppm/℃ 0603 Chip Resistor - Surface Mount ROHS,773686,$0.0011,SMT,20
C25810,Basic,0603WAF1802T5E,UNI-ROYAL(Uniroyal Elec),Resistors,Chip Resistor - Surface Mount,0603,-55℃~+155℃ 100mW 18kΩ 75V Thick Film Resistor ±1% ±100ppm/℃ 0603 Chip Resistor - Surface Mount ROHS,1105385,$0.0011,SMT,20
C25811,Basic,0603WAF2003T5E,UNI-ROYAL(Uniroyal Elec),Resistors,Chip Resistor - Surface Mount,0603,-55℃~+155℃ 100mW 200kΩ 75V Thick Film Resistor ±1% ±100ppm/℃ 0603 Chip Resistor - Surface Mount ROHS,1678266,$0.0011,SMT,20
C25819,Basic,0603WAF4702T5E,UNI-ROYAL(Uniroyal Elec),Resistors,Chip Resistor - Surface Mount,0603,-55℃~+155℃ 100mW 47kΩ 75V Thick Film Resistor ±1% ±100ppm/℃ 0603 Chip Resistor - Surface Mount ROHS,5267324,$0.0011,SMT,20
C25981,Basic,0603WAF8201T5E,UNI-ROYAL(Uniroyal Elec),Resistors,Chip Resistor - Surface Mount,0603,-55℃~+155℃ 100mW 75V 8.2kΩ Thick Film Resistor ±1% ±100ppm/℃ 0603 Chip Resistor - Surface Mount ROHS,785242,$0.0011,SMT,20
C31850,Basic,0603WAF2202T5E,UNI-ROYAL(Uniroyal Elec),Resistors,Chip Resistor - Surface Mount,0603,-55℃~+155℃ 100mW 22kΩ 75V Thick Film Resistor ±1% ±100ppm/℃ 0603 Chip Resistor - Surface Mount ROHS,2279981,$0.0014,SMT,20
C4310,Basic,0805W8F1501T5E,UNI-ROYAL(Uniroyal Elec),Resistors,Chip Resistor - Surface Mount,0805,-55℃~+155℃ 1.5kΩ 125mW 150V Thick Film Resistor ±1% ±100ppm/℃ 0805 Chip Resistor - Surface Mount ROHS,875552,$0.0021,SMT,20
C4328,Basic,0805W8F2002T5E,UNI-ROYAL(Uniroyal Elec),Resistors,Chip Resistor - Surface Mount,0805,-55℃~+155℃ 125mW 150V 20kΩ Thick Film Resistor ±1% ±100ppm/℃ 0805 Chip Resistor - Surface Mount ROHS,1509179,$0.0021,SMT,20
C4382,Basic,0805W8F5601T5E,UNI-ROYAL(Uniroyal Elec),Resistors,Chip Resistor - Surface Mount,0805,-55℃~+155℃ 125mW 150V 5.6kΩ Thick Film Resistor ±1% ±100ppm/℃ 0805 Chip Resistor - Surface Mount ROHS,500114,$0.0020,SMT,20
C17379,Basic,0805W8F1201T5E,UNI-ROYAL(Uniroyal Elec),Resistors,Chip Resistor - Surface Mount,0805,-55℃~+155℃ 1.2kΩ 125mW 150V Thick Film Resistor ±1% ±100ppm/℃ 0805 Chip Resistor - Surface Mount ROHS,582558,$0.0020,SMT,20
C17408,Basic,0805W8F1000T5E,UNI-ROYAL(Uniroyal Elec),Resistors,Chip Resistor - Surface Mount,0805,-55℃~+155℃ 100Ω 125mW 150V Thick Film Resistor ±1% ±100ppm/℃ 0805 Chip Resistor - Surface Mount ROHS,6676621,$0.0019,SMT,20
C17414,Basic,0805W8F1002T5E,UNI-ROYAL(Uniroyal Elec),Resistors,Chip Resistor - Surface Mount,0805,-55℃~+155℃ 10kΩ 125mW 150V Thick Film Resistor ±1% ±100ppm/℃ 0805 Chip Resistor - Surface Mount ROHS,17118588,$0.0022,SMT,20
C17415,Basic,0805W8F100JT5E,UNI-ROYAL(Uniroyal Elec),Resistors,Chip Resistor - Surface Mount,0805,-55℃~+155℃ 10Ω 125mW 150V Thick Film Resistor ±1% ±200ppm/℃ 0805 Chip Resistor - Surface Mount ROHS,2988805,$0.0022,SMT,20
C17437,Basic,0805W8F1200T5E,UNI-ROYAL(Uniroyal Elec),Resistors,Chip Resistor - Surface Mount,0805,-55℃~+155℃ 120Ω 125mW 150V Thick Film Resistor ±1% ±100ppm/℃ 0805 Chip Resistor - Surface Mount ROHS,1247016,$0.0019,SMT,20
C17444,Basic,0805W8F1202T5E,UNI-ROYAL(Uniroyal Elec),Resistors,Chip Resistor - Surface Mount,0805,-55℃~+155℃ 125mW 12kΩ 150V Thick Film Resistor ±1% ±100ppm/℃ 0805 Chip Resistor - Surface Mount ROHS,326039,$0.0024,SMT,20
C17470,Basic,0805W8F1503T5E,UNI-ROYAL(Uniroyal Elec),Resistors,Chip Resistor - Surface Mount,0805,-55℃~+155℃ 125mW 150V 150kΩ Thick Film Resistor ±1% ±100ppm/℃ 0805 Chip Resistor - Surface Mount ROHS,819430,$0.0020,SMT,20
C17471,Basic,0805W8F1500T5E,UNI-ROYAL(Uniroyal Elec),Resistors,Chip Resistor - Surface Mount,0805,-55℃~+155℃ 125mW 150V 150Ω Thick Film Resistor ±1% ±100ppm/℃ 0805 Chip Resistor - Surface Mount ROHS,588380,$0.0023,SMT,20
C17475,Basic,0805W8F1502T5E,UNI-ROYAL(Uniroyal Elec),Resistors,Chip Resistor - Surface Mount,0805,-55℃~+155℃ 125mW 150V 15kΩ Thick Film Resistor ±1% ±100ppm/℃ 0805 Chip Resistor - Surface Mount ROHS,976670,$0.0021,SMT,20
C17477,Basic,0805W8F0000T5E,UNI-ROYAL(Uniroyal Elec),Resistors,Chip Resistor - Surface Mount,0805,-55℃~+155℃ 0Ω 125mW 150V Thick Film Resistor ±1% ±800ppm/℃ 0805 Chip Resistor - Surface Mount ROHS,5524253,$0.0019,SMT,20
C17513,Basic,0805W8F1001T5E,UNI-ROYAL(Uniroyal Elec),Resistors,Chip Resistor - Surface Mount,0805,-55℃~+155℃ 125mW 150V 1kΩ Thick Film Resistor ±1% ±100ppm/℃ 0805 Chip Resistor - Surface Mount ROHS,7528143,$0.0023,SMT,20
C17514,Basic,0805W8F1004T5E,UNI-ROYAL(Uniroyal Elec),Resistors,Chip Resistor - Surface Mount,0805,-55℃~+155℃ 125mW 150V 1MΩ Thick Film Resistor ±1% ±100ppm/℃ 0805 Chip Resistor - Surface Mount ROHS,2586677,$0.0024,SMT,20
C17520,Basic,0805W8F2201T5E,UNI-ROYAL(Uniroyal Elec),Resistors,Chip Resistor - Surface Mount,0805,-55℃~+155℃ 125mW 150V 2.2kΩ Thick Film Resistor ±1% ±100ppm/℃ 0805 Chip Resistor - Surface Mount ROHS,1398781,$0.0020,SMT,20
C17521,Basic,0805W8F220KT5E,UNI-ROYAL(Uniroyal Elec),Resistors,Chip Resistor - Surface Mount,0805,-55℃~+155℃ 125mW 150V 2.2Ω Thick Film Resistor ±1% ±200ppm/℃ 0805 Chip Resistor - Surface Mount ROHS,693033,$0.0033,SMT,20
C17526,Basic,0805W8F2401T5E,UNI-ROYAL(Uniroyal Elec),Resistors,Chip Resistor - Surface Mount,0805,-55℃~+155℃ 125mW 150V 2.4kΩ Thick Film Resistor ±1% ±100ppm/℃ 0805 Chip Resistor - Surface Mount ROHS,89854,$0.0023,SMT,20
C17530,Basic,0805W8F2701T5E,UNI-ROYAL(Uniroyal Elec),Resistors,Chip Resistor - Surface Mount,0805,-55℃~+155℃ 125mW 150V 2.7kΩ Thick Film Resistor ±1% ±100ppm/℃ 0805 Chip Resistor - Surface Mount ROHS,541174,$0.0019,SMT,20
C17539,Basic,0805W8F2003T5E,UNI-ROYAL(Uniroyal Elec),Resistors,Chip Resistor - Surface Mount,0805,-55℃~+155℃ 125mW 150V 200kΩ Thick Film Resistor ±1% ±100ppm/℃ 0805 Chip Resistor - Surface Mount ROHS,303089,$0.0024,SMT,20
C17540,Basic,0805W8F2000T5E,UNI-ROYAL(Uniroyal Elec),Resistors,Chip Resistor - Surface Mount,0805,-55℃~+155℃ 125mW 150V 200Ω Thick Film Resistor ±1% ±100ppm/℃ 0805 Chip Resistor - Surface Mount ROHS,1053602,$0.0021,SMT,20
C17544,Basic,0805W8F200JT5E,UNI-ROYAL(Uniroyal Elec),Resistors,Chip Resistor - Surface Mount,0805,-55℃~+155℃ 125mW 150V 20Ω Thick Film Resistor ±1% ±100ppm/℃ 0805 Chip Resistor - Surface Mount ROHS,893462,$0.0019,SMT,20
C17556,Basic,0805W8F2203T5E,UNI-ROYAL(Uniroyal Elec),Resistors,Chip Resistor - Surface Mount,0805,-55℃~+155℃ 125mW 150V 220kΩ Thick Film Resistor ±1% ±100ppm/℃ 0805 Chip Resistor - Surface Mount ROHS,432877,$0.0020,SMT,20
C17557,Basic,0805W8F2200T5E,UNI-ROYAL(Uniroyal Elec),Resistors,Chip Resistor - Surface Mount,0805,-55℃~+155℃ 125mW 150V 220Ω Thick Film Resistor ±1% ±100ppm/℃ 0805 Chip Resistor - Surface Mount ROHS,948697,$0.0022,SMT,20
C17560,Basic,0805W8F2202T5E,UNI-ROYAL(Uniroyal Elec),Resistors,Chip Resistor - Surface Mount,0805,-55℃~+155℃ 125mW 150V 22kΩ Thick Film Resistor ±1% ±100ppm/℃ 0805 Chip Resistor - Surface Mount ROHS,1393361,$0.0020,SMT,20
C17561,Basic,0805W8F220JT5E,UNI-ROYAL(Uniroyal Elec),Resistors,Chip Resistor - Surface Mount,0805,-55℃~+155℃ 125mW 150V 22Ω Thick Film Resistor ±1% ±100ppm/℃ 0805 Chip Resistor - Surface Mount ROHS,1593580,$0.0022,SMT,20
C17575,Basic,0805W8F2402T5E,UNI-ROYAL(Uniroyal Elec),Resistors,Chip Resistor - Surface Mount,0805,-55℃~+155℃ 125mW 150V 24kΩ Thick Film Resistor ±1% ±100ppm/℃ 0805 Chip Resistor - Surface Mount ROHS,143719,$0.0024,SMT,20
C17593,Basic,0805W8F2702T5E,UNI-ROYAL(Uniroyal Elec),Resistors,Chip Resistor - Surface Mount,0805,-55℃~+155℃ 125mW 150V 27kΩ Thick Film Resistor ±1% ±100ppm/℃ 0805 Chip Resistor - Surface Mount ROHS,188190,$0.0021,SMT,20
C17604,Basic,0805W8F2001T5E,UNI-ROYAL(Uniroyal Elec),Resistors,Chip Resistor - Surface Mount,0805,-55℃~+155℃ 125mW 150V 2kΩ Thick Film Resistor ±1% ±100ppm/℃ 0805 Chip Resistor - Surface Mount ROHS,1770016,$0.0023,SMT,20
C17614,Basic,0805W8F3901T5E,UNI-ROYAL(Uniroyal Elec),Resistors,Chip Resistor - Surface Mount,0805,-55℃~+155℃ 125mW 150V 3.9kΩ Thick Film Resistor ±1% ±100ppm/℃ 0805 Chip Resistor - Surface Mount ROHS,500770,$0.0025,SMT,20
C17617,Basic,0805W8F3000T5E,UNI-ROYAL(Uniroyal Elec),Resistors,Chip Resistor - Surface Mount,0805,-55℃~+155℃ 125mW 150V 300Ω Thick Film Resistor ±1% ±100ppm/℃ 0805 Chip Resistor - Surface Mount ROHS,481212,$0.0024,SMT,20
C17621,Basic,0805W8F3002T5E,UNI-ROYAL(Uniroyal Elec),Resistors,Chip Resistor - Surface Mount,0805,-55℃~+155℃ 125mW 150V 30kΩ Thick Film Resistor ±1% ±100ppm/℃ 0805 Chip Resistor - Surface Mount ROHS,285985,$0.0020,SMT,20
C17630,Basic,0805W8F3300T5E,UNI-ROYAL(Uniroyal Elec),Resistors,Chip Resistor - Surface Mount,0805,-55℃~+155℃ 125mW 150V 330Ω Thick Film Resistor ±1% ±100ppm/℃ 0805 Chip Resistor - Surface Mount ROHS,1404566,$0.0021,SMT,20
C17633,Basic,0805W8F3302T5E,UNI-ROYAL(Uniroyal Elec),Resistors,Chip Resistor - Surface Mount,0805,-55℃~+155℃ 125mW 150V 33kΩ Thick Film Resistor ±1% ±100ppm/℃ 0805 Chip Resistor - Surface Mount ROHS,685922,$0.0022,SMT,20
C17634,Basic,0805W8F330JT5E,UNI-ROYAL(Uniroyal Elec),Resistors,Chip Resistor - Surface Mount,0805,-55℃~+155℃ 125mW 150V 33Ω Thick Film Resistor ±1% ±200ppm/℃ 0805 Chip Resistor - Surface Mount ROHS,600711,$0.0019,SMT,20
C17655,Basic,0805W8F3900T5E,UNI-ROYAL(Uniroyal Elec),Resistors,Chip Resistor - Surface Mount,0805,-55℃~+155℃ 125mW 150V 390Ω Thick Film Resistor ±1% ±100ppm/℃ 0805 Chip Resistor - Surface Mount ROHS,215620,$0.0021,SMT,20
C17661,Basic,0805W8F3001T5E,UNI-ROYAL(Uniroyal Elec),Resistors,Chip Resistor - Surface Mount,0805,-55℃~+155℃ 125mW 150V 3kΩ Thick Film Resistor ±1% ±100ppm/℃ 0805 Chip Resistor - Surface Mount ROHS,1399240,$0.0023,SMT,20
C17673,Basic,0805W8F4701T5E,UNI-ROYAL(Uniroyal Elec),Resistors,Chip Resistor - Surface Mount,0805,-55℃~+155℃ 125mW 150V 4.7kΩ Thick Film Resistor ±1% ±100ppm/℃ 0805 Chip Resistor - Surface Mount ROHS,5544011,$0.0017,SMT,20
C17675,Basic,0805W8F470KT5E,UNI-ROYAL(Uniroyal Elec),Resistors,Chip Resistor - Surface Mount,0805,-55℃~+155℃ 125mW 150V 4.7Ω Thick Film Resistor ±1% ±200ppm/℃ 0805 Chip Resistor - Surface Mount ROHS,182343,$0.0033,SMT,20
C17709,Basic,0805W8F4703T5E,UNI-ROYAL(Uniroyal Elec),Resistors,Chip Resistor - Surface Mount,0805,-55℃~+155℃ 125mW 150V 470kΩ Thick Film Resistor ±1% ±100ppm/℃ 0805 Chip Resistor - Surface Mount ROHS,513425,$0.0020,SMT,20
C17710,Basic,0805W8F4700T5E,UNI-ROYAL(Uniroyal Elec),Resistors,Chip Resistor - Surface Mount,0805,-55℃~+155℃ 125mW 150V 470Ω Thick Film Resistor ±1% ±100ppm/℃ 0805 Chip Resistor - Surface Mount ROHS,1562108,$0.0021,SMT,20
C17713,Basic,0805W8F4702T5E,UNI-ROYAL(Uniroyal Elec),Resistors,Chip Resistor - Surface Mount,0805,-55℃~+155℃ 125mW 150V 47kΩ Thick Film Resistor ±1% ±100ppm/℃ 0805 Chip Resistor - Surface Mount ROHS,1295113,$0.0018,SMT,20
C17714,Basic,0805W8F470JT5E,UNI-ROYAL(Uniroyal Elec),Resistors,Chip Resistor - Surface Mount,0805,-55℃~+155℃ 125mW 150V 47Ω Thick Film Resistor ±1% ±100ppm/℃ 0805 Chip Resistor - Surface Mount ROHS,564256,$0.0020,SMT,20
C17720,Basic,0805W8F499JT5E,UNI-ROYAL(Uniroyal Elec),Resistors,Chip Resistor - Surface Mount,0805,-55℃~+155℃ 125mW 150V 49.9Ω Thick Film Resistor ±1% ±100ppm/℃ 0805 Chip Resistor - Surface Mount ROHS,223117,$0.0019,SMT,20
C17724,Basic,0805W8F510KT5E,UNI-ROYAL(Uniroyal Elec),Resistors,Chip Resistor - Surface Mount,0805,-55℃~+155℃ 125mW 150V 5.1Ω Thick Film Resistor ±1% ±200ppm/℃ 0805 Chip Resistor - Surface Mount ROHS,172749,$0.0041,SMT,20
C17734,Basic,0805W8F5100T5E,UNI-ROYAL(Uniroyal Elec),Resistors,Chip Resistor - Surface Mount,0805,-55℃~+155℃ 125mW 150V 510Ω Thick Film Resistor ±1% ±100ppm/℃ 0805 Chip Resistor - Surface Mount ROHS,1195275,$0.0021,SMT,20
C17737,Basic,0805W8F5102T5E,UNI-ROYAL(Uniroyal Elec),Resistors,Chip Resistor - Surface Mount,0805,-55℃~+155℃ 125mW 150V 51kΩ Thick Film Resistor ±1% ±100ppm/℃ 0805 Chip Resistor - Surface Mount ROHS,930463,$0.0020,SMT,20
C17738,Basic,0805W8F510JT5E,UNI-ROYAL(Uniroyal Elec),Resistors,Chip Resistor - Surface Mount,0805,-55℃~+155℃ 125mW 150V 51Ω Thick Film Resistor ±1% ±100ppm/℃ 0805 Chip Resistor - Surface Mount ROHS,550557,$0.0023,SMT,20
C17772,Basic,0805W8F6801T5E,UNI-ROYAL(Uniroyal Elec),Resistors,Chip Resistor - Surface Mount,0805,-55℃~+155℃ 125mW 150V 6.8kΩ Thick Film Resistor ±1% ±100ppm/℃ 0805 Chip Resistor - Surface Mount ROHS,632887,$0.0020,SMT,20
C17798,Basic,0805W8F6800T5E,UNI-ROYAL(Uniroyal Elec),Resistors,Chip Resistor - Surface Mount,0805,-55℃~+155℃ 125mW 150V 680Ω Thick Film Resistor ±1% ±100ppm/℃ 0805 Chip Resistor - Surface Mount ROHS,693540,$0.0025,SMT,20
C17801,Basic,0805W8F6802T5E,UNI-ROYAL(Uniroyal Elec),Resistors,Chip Resistor - Surface Mount,0805,-55℃~+155℃ 125mW 150V 68kΩ Thick Film Resistor ±1% ±100ppm/℃ 0805 Chip Resistor - Surface Mount ROHS,283851,$0.0018,SMT,20
C17828,Basic,0805W8F8201T5E,UNI-ROYAL(Uniroyal Elec),Resistors,Chip Resistor - Surface Mount,0805,-55℃~+155℃ 125mW 150V 8.2kΩ Thick Film Resistor ±1% ±100ppm/℃ 0805 Chip Resistor - Surface Mount ROHS,305754,$0.0019,SMT,20
C25271,Basic,0805W8F100KT5E,UNI-ROYAL(Uniroyal Elec),Resistors,Chip Resistor - Surface Mount,0805,-55℃~+155℃ 125mW 150V 1Ω Thick Film Resistor ±1% ±200ppm/℃ 0805 Chip Resistor - Surface Mount ROHS,736676,$0.0036,SMT,20
C26010,Basic,0805W8F3301T5E,UNI-ROYAL(Uniroyal Elec),Resistors,Chip Resistor - Surface Mount,0805,-55℃~+155℃ 125mW 150V 3.3kΩ Thick Film Resistor ±1% ±100ppm/℃ 0805 Chip Resistor - Surface Mount ROHS,2087853,$0.0020,SMT,20
C27834,Basic,0805W8F5101T5E,UNI-ROYAL(Uniroyal Elec),Resistors,Chip Resistor - Surface Mount,0805,-55℃~+155℃ 125mW 150V 5.1kΩ Thick Film Resistor ±1% ±100ppm/℃ 0805 Chip Resistor - Surface Mount ROHS,5267806,$0.0022,SMT,20
C28636,Basic,0805W8F5600T5E,UNI-ROYAL(Uniroyal Elec),Resistors,Chip Resistor - Surface Mount,0805,-55℃~+155℃ 125mW 150V 560Ω Thick Film Resistor ±1% ±100ppm/℃ 0805 Chip Resistor - Surface Mount ROHS,453789,$0.0021,SMT,20
C149504,Basic,0805W8F1003T5E,UNI-ROYAL(Uniroyal Elec),Resistors,Chip Resistor - Surface Mount,0805,-55℃~+155℃ 100kΩ 125mW 150V Thick Film Resistor ±1% ±100ppm/℃ 0805 Chip Resistor - Surface Mount ROHS,3060566,$0.0021,SMT,20
C4410,Basic,1206W4F1001T5E,UNI-ROYAL(Uniroyal Elec),Resistors,Chip Resistor - Surface Mount,1206,-55℃~+155℃ 1kΩ 200V 250mW Thick Film Resistor ±1% ±100ppm/℃ 1206 Chip Resistor - Surface Mount ROHS,2856938,$0.0040,SMT,15
C17887,Basic,1206W4F3000T5E,UNI-ROYAL(Uniroyal Elec),Resistors,Chip Resistor - Surface Mount,1206,-55℃~+155℃ 200V 250mW 300Ω Thick Film Resistor ±1% ±100ppm/℃ 1206 Chip Resistor - Surface Mount ROHS,547455,$0.0043,SMT,15
C17888,Basic,1206W4F0000T5E,UNI-ROYAL(Uniroyal Elec),Resistors,Chip Resistor - Surface Mount,1206,-55℃~+155℃ 0Ω 200V 250mW Thick Film Resistor ±1% ±800ppm/℃ 1206 Chip Resistor - Surface Mount ROHS,1397081,$0.0035,SMT,15
C17900,Basic,1206W4F1003T5E,UNI-ROYAL(Uniroyal Elec),Resistors,Chip Resistor - Surface Mount,1206,-55℃~+155℃ 100kΩ 200V 250mW Thick Film Resistor ±1% ±100ppm/℃ 1206 Chip Resistor - Surface Mount ROHS,1001219,$0.0041,SMT,15
C17901,Basic,1206W4F1000T5E,UNI-ROYAL(Uniroyal Elec),Resistors,Chip Resistor - Surface Mount,1206,-55℃~+155℃ 100Ω 200V 250mW Thick Film Resistor ±1% ±100ppm/℃ 1206 Chip Resistor - Surface Mount ROHS,1408970,$0.0037,SMT,15
C17902,Basic,1206W4F1002T5E,UNI-ROYAL(Uniroyal Elec),Resistors,Chip Resistor - Surface Mount,1206,-55℃~+155℃ 10kΩ 200V 250mW Thick Film Resistor ±1% ±100ppm/℃ 1206 Chip Resistor - Surface Mount ROHS,1711790,$0.0043,SMT,15
C17903,Basic,1206W4F100JT5E,UNI-ROYAL(Uniroyal Elec),Resistors,Chip Resistor - Surface Mount,1206,-55℃~+155℃ 10Ω 200V 250mW Thick Film Resistor ±1% ±400ppm/℃ 1206 Chip Resistor - Surface Mount ROHS,2037962,$0.0032,SMT,15
C17909,Basic,1206W4F1200T5E,UNI-ROYAL(Uniroyal Elec),Resistors,Chip Resistor - Surface Mount,1206,-55℃~+155℃ 120Ω 200V 250mW Thick Film Resistor ±1% ±100ppm/℃ 1206 Chip Resistor - Surface Mount ROHS,611541,$0.0045,SMT,15
C17927,Basic,1206W4F1004T5E,UNI-ROYAL(Uniroyal Elec),Resistors,Chip Resistor - Surface Mount,1206,-55℃~+155℃ 1MΩ 200V 250mW Thick Film Resistor ±1% ±100ppm/℃ 1206 Chip Resistor - Surface Mount ROHS,1437612,$0.0032,SMT,15
C17928,Basic,1206W4F100KT5E,UNI-ROYAL(Uniroyal Elec),Resistors,Chip Resistor - Surface Mount,1206,-55℃~+155℃ 1Ω 200V 250mW Thick Film Resistor ±1% ±200ppm/℃ 1206 Chip Resistor - Surface Mount ROHS,428401,$0.0058,SMT,15
C17936,Basic,1206W4F4701T5E,UNI-ROYAL(Uniroyal Elec),Resistors,Chip Resistor - Surface Mount,1206,-55℃~+155℃ 200V 250mW 4.7kΩ Thick Film Resistor ±1% ±100ppm/℃ 1206 Chip Resistor - Surface Mount ROHS,1766472,$0.0034,SMT,15
C17944,Basic,1206W4F2001T5E,UNI-ROYAL(Uniroyal Elec),Resistors,Chip Resistor - Surface Mount,1206,-55℃~+155℃ 200V 250mW 2kΩ Thick Film Resistor ±1% ±100ppm/℃ 1206 Chip Resistor - Surface Mount ROHS,871600,$0.0041,SMT,15
C17955,Basic,1206W4F200JT5E,UNI-ROYAL(Uniroyal Elec),Resistors,Chip Resistor - Surface Mount,1206,-55℃~+155℃ 200V 20Ω 250mW Thick Film Resistor ±1% ±100ppm/℃ 1206 Chip Resistor - Surface Mount ROHS,469038,$0.0045,SMT,15
C17958,Basic,1206W4F220JT5E,UNI-ROYAL(Uniroyal Elec),Resistors,Chip Resistor - Surface Mount,1206,-55℃~+155℃ 200V 22Ω 250mW Thick Film Resistor ±1% ±100ppm/℃ 1206 Chip Resistor - Surface Mount ROHS,399580,$0.0044,SMT,15
C25334,Basic,1206W4F100LT5E,UNI-ROYAL(Uniroyal Elec),Resistors,Chip Resistor - Surface Mount,1206,-55℃~+155℃ 100mΩ 200V 250mW Thick Film Resistor ±1% ±800ppm/℃ 1206 Chip Resistor - Surface Mount ROHS,446195,$0.0062,SMT,15
C1980,Basic,4D03WGJ0472T5E,UNI-ROYAL(Uniroyal Elec),Resistors,"Resistor Networks, Arrays",0603x4,"4 4.7kΩ 62.5mW 8 ±200ppm/℃ ±5% 0603x4 Resistor Networks, Arrays ROHS",274582,$0.0094,SMT,1
C20197,Basic,4D03WGJ0102T5E,UNI-ROYAL(Uniroyal Elec),Resistors,"Resistor Networks, Arrays",0603x4,"1kΩ 4 62.5mW 8 ±200ppm/℃ ±5% 0603x4 Resistor Networks, Arrays ROHS",464471,$0.0060,SMT,1
C29718,Basic,4D03WGJ0103T5E,UNI-ROYAL(Uniroyal Elec),Resistors,"Resistor Networks, Arrays",0603x4,"10kΩ 4 62.5mW 8 ±200ppm/℃ ±5% 0603x4 Resistor Networks, Arrays ROHS",801259,$0.0073,SMT,1
C78395,Basic,P6SMB6.8CA/TR13,Brightking Elec (TAIWAN),TVS/Fuse/Board Level Protection,TVS,SMB(DO-214AA),10.5V 1uA 5.8V 58.1A 6.45V 600W Bidirectional TVS SMB(DO-214AA) ESD and Surge Protection (TVS/ESD) ROHS,495989,$0.0490,SMT,5
C32677,Basic,PSM712-LF-T7,ProTek Devices,TVS/Fuse/Board Level Protection,TVS,SOT-23,-55℃~+150℃ 12V 13.3V 19V 1uA、20uA 30A@8/20us、34A@8/20us 600W@8/20us 75pF IEC 61000-4-2、IEC 61000-4-5、IEC 61000-4-4 TVS U,223826,$0.3088,SMT,5
C7420377,Basic,SMBJ6.5CA,hongjiacheng,TVS/Fuse/Board Level Protection,TVS,DO-214AA(SMB),-55℃~+150℃ 1 11.2V 500uA 53.57A 6.5V 600W 7.22V Bidirectional IEC 61000-4-2 TVS DO-214AA(SMB) ESD and Surge Protection (,707848,$0.0350,SMT,5
C2145,Basic,MMBT5551(RANGE:200-300),Changjiang Electronics Tech (CJ),Transistors/Thyristors,Bipolar (BJT),SOT-23,-55℃~+150℃ 1 NPN 160V 200 200mV 300MHz 300mW 50nA 600mA 6V NPN SOT-23 Bipolar (BJT) ROHS,1821583,$0.0127,SMT,10
C2146,Basic,S8050 J3Y(RANGE:200-350),Changjiang Electronics Tech (CJ),Transistors/Thyristors,Bipolar (BJT),SOT-23,-55℃~+150℃ 1 NPN 100nA 150MHz 200 25V 300mW 500mA 5V 600mV NPN SOT-23 Bipolar (BJT) ROHS,1699097,$0.0123,SMT,10
C2150,Basic,SS8050(RANGE:200-350),Changjiang Electronics Tech (CJ),Transistors/Thyristors,Bipolar (BJT),SOT-23,-55℃~+150℃ 1 NPN 1.5A 100MHz 100nA 200 25V 300mW 500mV 5V NPN SOT-23 Bipolar (BJT) ROHS,2677512,$0.0126,SMT,10
C6749,Basic,S9013 J3(RANGE:200-350),Changjiang Electronics Tech (CJ),Transistors/Thyristors,Bipolar (BJT),SOT-23,-55℃~+150℃ 1 NPN 100nA 120 150MHz 25V 300mW 500mA 5V 600mV NPN SOT-23 Bipolar (BJT) ROHS,1294653,$0.0122,SMT,10
C8326,Basic,MMBT5401(RANGE:200-300),Changjiang Electronics Tech (CJ),Transistors/Thyristors,Bipolar (BJT),SOT-23,-55℃~+150℃ 1 PNP 100MHz 100nA 150V 300 300mW 500mV 5V 600mA PNP SOT-23 Bipolar (BJT) ROHS,696529,$0.0129,SMT,10
C8512,Basic,MMBT2222A 1P,Changjiang Electronics Tech (CJ),Transistors/Thyristors,Bipolar (BJT),SOT-23,-55℃~+150℃ 1 NPN 100 10nA 300MHz 300mW 40V 600mA 6V NPN SOT-23 Bipolar (BJT) ROHS,940585,$0.0135,SMT,10
C8542,Basic,SS8550 Y2(RANGE:200-350),Changjiang Electronics Tech (CJ),Transistors/Thyristors,Bipolar (BJT),SOT-23,-55℃~+150℃ 1 PNP 1.5A 100MHz 100nA 200 25V 300mW 500mV 5V PNP SOT-23 Bipolar (BJT) ROHS,1331628,$0.0126,SMT,10
C8543,Basic,S9012 2T1(RANGE:200-350),Changjiang Electronics Tech (CJ),Transistors/Thyristors,Bipolar (BJT),SOT-23,-55℃~+150℃ 1 PNP 100nA 120 150MHz 25V 300mW 500mA 5V 600mV PNP SOT-23 Bipolar (BJT) ROHS,438607,$0.0143,SMT,10
C20526,Basic,MMBT3904(RANGE:100-300),Changjiang Electronics Tech (CJ),Transistors/Thyristors,Bipolar (BJT),SOT-23,-55℃~+150℃ 1 NPN 100 100nA 200mA 200mW 300MHz 300mV 40V 6V NPN SOT-23 Bipolar (BJT) ROHS,1358689,$0.0089,SMT,10
C105432,Basic,S8550(RANGE:120-200),Changjiang Electronics Tech (CJ),Transistors/Thyristors,Bipolar (BJT),SOT-23,-55℃~+150℃ 1 PNP 100nA 120 150MHz 25V 300mW 500mA 5V 600mV PNP SOT-23 Bipolar (BJT) ROHS,512054,$0.0128,SMT,10
C9634,Basic,D882(RANGE:160-320),Changjiang Electronics Tech (CJ),Transistors/Thyristors,Bipolar (BJT),SOT-89-3L,-55℃~+150℃ 1 NPN 160 1uA 30V 3A 500mV 500mW 50MHz 6V NPN SOT-89-3L Bipolar (BJT) ROHS,430819,$0.0476,SMT,5
C7512,Basic,ULN2003ADR,Texas Instruments,Transistors/Thyristors,Darlington Transistor Arrays,SOIC-16,1.7V 15pF 30V 500mA 50V 50uA 50uA Seven channels SOIC-16 Darlington Transistor Arrays ROHS,402827,$0.1267,SMT,1
C8545,Basic,2N7002,Changjiang Electronics Tech (CJ),Transistors/Thyristors,MOSFETs,SOT-23,1 N-channel 115mA 2.5V 225mW 50pF 5pF 5Ω@10V 60V SOT-23 MOSFETs ROHS,2716354,$0.0126,SMT,10
C10487,Basic,SI2301CDS-T1-GE3,Vishay Intertech,Transistors/Thyristors,MOSFETs,SOT-23,-55℃~+150℃ 1 P-Channel 1.6W 10nC@4.5V 142mΩ@2.5V 1V 20V 3.1A 405pF 55pF 75pF P-Channel SOT-23 MOSFETs ROHS,432551,$0.0601,SMT,5
C15127,Basic,AO3401A,Alpha & Omega Semicon,Transistors/Thyristors,MOSFETs,SOT-23,1 P-Channel 14nC@10V 30V 47mΩ@10V、60mΩ@4.5V、85mΩ@2.5V 4A 55pF 645pF 80pF 900mV SOT-23 MOSFETs ROHS,2830530,$0.0553,SMT,5
C20917,Basic,AO3400A,Alpha & Omega Semicon,Transistors/Thyristors,MOSFETs,SOT-23,-55℃~+150℃ 1 N-channel 1.45V 1.4W 30V 48mΩ@2.5V 5.7A 50pF 630pF 75pF 7nC@10V N-Channel SOT-23 MOSFETs ROHS,1814497,$0.0739,SMT,5
C6847463,Preferred,MT25QU512ABB8E12-0AUT,Micron Tech,,,FBGA-24,"-40℃~+125℃ 1.7V~2V 100,000 Cycles 133MHz 15uA 20 Years 512Mbit SPI FBGA-24 NOR FLASH ROHS",5,$22.4281,SMT,1
C30274,Preferred,0402CG6R0C500NT (SMT业务专用),FH(Guangdong Fenghua Advanced Tech),,,0402,50V 6pF C0G 0402 Multilayer Ceramic Capacitors MLCC - SMD/SMT ROHS,400777,$0.0008,SMT,20
C22395516,Preferred,H24VN10U,hongjiacheng,,,DFN1006-2L,,1770,$0.0293,SMT,20
C22395517,Preferred,H4V5H16U,hongjiacheng,,,DFN1610-2L,,68052,$0.0446,SMT,5
C22395518,Preferred,H4V5H22B,hongjiacheng,,,DFN2020-3L,,5925,$0.0868,SMT,5
C19077524,Preferred,SMAJ5.0CA,hongjiacheng,,,DO-214AC(SMA),,194751,$0.0363,SMT,5
C19077532,Preferred,SMAJ12CA,hongjiacheng,,,DO-214AC(SMA),,73660,$0.0277,SMT,5
C19077497,Preferred,SMF5.0A,hongjiacheng,,,SOD-123FL,,1473251,$0.0247,SMT,15
C19077498,Preferred,SMF5.0CA,hongjiacheng,,,SOD-123FL,,339224,$0.0283,SMT,15
C19077501,Preferred,SMF6.5CA,hongjiacheng,,,SOD-123FL,,429999,$0.0283,SMT,15
C19077499,Preferred,SMF6.0A,hongjiacheng,,,SOD-123FL,,521251,$0.0250,SMT,15
C22395520,Preferred,H5VUT1B,hongjiacheng,,,SOT-143,,4968,$0.0462,SMT,5
C19077587,Preferred,SMBJ33CA,hongjiacheng,,,DO-214AA(SMB),,234336,$0.0453,SMT,5
C19077535,Preferred,SMAJ15A,hongjiacheng,,,DO-214AC(SMA),,47491,$0.0335,SMT,5
C18199093,Preferred,M1,hongjiacheng,,,SMA(DO-214AC),,43484,$0.0095,SMT,15
C18199098,Preferred,M6,hongjiacheng,,,SMA(DO-214AC),,14347,$0.0088,SMT,15
C18199100,Preferred,S2M,hongjiacheng,,,SMA(DO-214AC),,9654,$0.0135,SMT,15
C18199090,Preferred,M7F,hongjiacheng,,,SMAF,,3282,$0.0090,SMT,15
C18199105,Preferred,S5MB,hongjiacheng,,,SMB,,136201,$0.0363,SMT,5
C18199112,Preferred,S5BBF,hongjiacheng,,,SMBF,,4323,$0.0351,SMT,5
C18199103,Preferred,S3MC,hongjiacheng,,,SMC,,13435,$0.0430,SMT,2
C18199106,Preferred,S5MC,hongjiacheng,,,SMC,,6388,$0.0430,SMT,2
C18199107,Preferred,S6MC,hongjiacheng,,,SMC,,21687,$0.0576,SMT,2
C18199108,Preferred,S8KC,hongjiacheng,,,SMC,,11810,$0.0490,SMT,2
C18199109,Preferred,S8MC,hongjiacheng,,,SMC,,13806,$0.0579,SMT,2
C18199110,Preferred,S10JC,hongjiacheng,,,SMC,,6556,$0.0513,SMT,2
C18199088,Preferred,1N4007W,hongjiacheng,,,SOD-123FL,,281158,$0.0078,SMT,15
C18199132,Preferred,US2M,hongjiacheng,,,SMA(DO-214AC),,98347,$0.0172,SMT,15
C18199133,Preferred,US2D,hongjiacheng,,,SMA(DO-214AC),,7881,$0.0163,SMT,15
C18199138,Preferred,ES1G,hongjiacheng,,,SMA(DO-214AC),,21678,$0.0116,SMT,15
C18199139,Preferred,ES2A,hongjiacheng,,,SMA(DO-214AC),,11147,$0.0173,SMT,15
C18199140,Preferred,ES2G,hongjiacheng,,,SMA(DO-214AC),,4270,$0.0166,SMT,15
C18199157,Preferred,ES1B,hongjiacheng,,,SMA(DO-214AC),,99086,$0.0111,SMT,15
C18199158,Preferred,ES1D,hongjiacheng,,,SMA(DO-214AC),,144244,$0.0117,SMT,15
C18199159,Preferred,ES1J,hongjiacheng,,,SMA(DO-214AC),,5,$0.0099,SMT,15
C18199161,Preferred,ES2D,hongjiacheng,,,SMA(DO-214AC),,28172,$0.0178,SMT,15
C18199160,Preferred,ES1M,hongjiacheng,,,SMA(DO-214AC),,38876,$0.0124,SMT,5
C18199136,Preferred,US8MC,hongjiacheng,,,SMC,,12369,$0.0800,SMT,2
C18199123,Preferred,US1MW,hongjiacheng,,,SOD-123FL,,194161,$0.0096,SMT,15
C18199137,Preferred,ES1JW,hongjiacheng,,,SOD-123FL,,201897,$0.0091,SMT,15
C18199156,Preferred,ES2JW,hongjiacheng,,,SOD-123FL,,59269,$0.0156,SMT,15
C18199122,Preferred,US1DW,hongjiacheng,,,SOD-123FL,,3671,$0.0099,SMT,15
C18199118,Preferred,RS1J,hongjiacheng,,,SMA(DO-214AC),,19709,$0.0105,SMT,15
C18199126,Preferred,US1B,hongjiacheng,,,SMA(DO-214AC),,52693,$0.0112,SMT,15
C18199154,Preferred,ES5JBF,hongjiacheng,,,SMBF,,113582,$0.0419,SMT,15
C18199164,Preferred,ES3DC,hongjiacheng,,,SMC,,7662,$0.0498,SMT,2
C18199183,Preferred,SS310B,hongjiacheng,,,SMB,,2032,$0.0401,SMT,5
C18199206,Preferred,SS320B,hongjiacheng,,,SMB,,16696,$0.0627,SMT,5
C7502707,Preferred,B0520W,hongjiacheng,,,SOD-123,,58587,$0.0173,SMT,15
C7502708,Preferred,B0530W,hongjiacheng,,,SOD-123,,18853,$0.0164,SMT,15
C7502710,Preferred,B16W,hongjiacheng,,,SOD-123,,42077,$0.0138,SMT,15
C7502713,Preferred,DSK210,hongjiacheng,,,SOD-123FL,,500663,$0.0264,SMT,15
C7420326,Preferred,B0540WS,hongjiacheng,,,SOD-323,,356647,$0.0159,SMT,20
C7502695,Preferred,BAT60B,hongjiacheng,,,SOD-323,,2267418,$0.0210,SMT,20
C7502701,Preferred,RB520S-30,hongjiacheng,,,SOD-523,,20524,$0.0159,SMT,20
C7502702,Preferred,RB521S-30,hongjiacheng,,,SOD-523,,260939,$0.0172,SMT,20
C7502714,Preferred,B5819WT,hongjiacheng,,,SOD-523,,403323,$0.0142,SMT,20
C7502687,Preferred,BAS70-04,hongjiacheng,,,SOT-23,,121503,$0.0164,SMT,10
C7502688,Preferred,BAS40-04,hongjiacheng,,,SOT-23,,57650,$0.0163,SMT,10
C28646294,Preferred,SS33,hongjiacheng,,,SMA,,17,$0.0287,SMT,5
C28646298,Preferred,SS28,hongjiacheng,,,SMA,,48595,$0.0243,SMT,15
C28646303,Preferred,SS18,hongjiacheng,,,SMA,,49761,$0.0175,SMT,15
C28646295,Preferred,SS215,hongjiacheng,,,SMA,,12777,$0.0206,SMT,5
C28646286,Preferred,SSL36,hongjiacheng,,,SMA,,9226,$0.0713,SMT,5
C18199168,Preferred,SS58,hongjiacheng,,,SMA(DO-214AC),,80486,$0.0520,SMT,5
C18199169,Preferred,SS56,hongjiacheng,,,SMA(DO-214AC),,28999,$0.0421,SMT,5
C18199170,Preferred,SS520,hongjiacheng,,,SMA(DO-214AC),,69485,$0.0804,SMT,5
C18199172,Preferred,SS320,hongjiacheng,,,SMA(DO-214AC),,31283,$0.0530,SMT,5
C18199174,Preferred,SS315,hongjiacheng,,,SMA(DO-214AC),,23307,$0.0519,SMT,5
C18199175,Preferred,SS210,hongjiacheng,,,SMA(DO-214AC),,85513,$0.0301,SMT,15
C18199176,Preferred,SS16,hongjiacheng,,,SMA(DO-214AC),,58650,$0.0164,SMT,15
C18199177,Preferred,SS12,hongjiacheng,,,SMA(DO-214AC),,69056,$0.0182,SMT,15
C18199178,Preferred,SS110,hongjiacheng,,,SMA(DO-214AC),,60366,$0.0187,SMT,15
C18199196,Preferred,SS38,hongjiacheng,,,SMA(DO-214AC),,99797,$0.0404,SMT,5
C18199197,Preferred,SS120,hongjiacheng,,,SMA(DO-214AC),,7368,$0.0274,SMT,15
C18199198,Preferred,SS115,hongjiacheng,,,SMA(DO-214AC),,25365,$0.0262,SMT,15
C28646283,Preferred,SSL54F,hongjiacheng,,,SMAF,,2373,$0.0945,SMT,5
C28646282,Preferred,SSL34F,hongjiacheng,,,SMAF,,9822,$0.0468,SMT,5
C28646284,Preferred,SSL345F,hongjiacheng,,,SMAF,,2385,$0.0624,SMT,5
C28646300,Preferred,SK1045B,hongjiacheng,,,SMB,,22295,$0.1273,SMT,5
C28646301,Preferred,SK106B,hongjiacheng,,,SMB,,19071,$0.1320,SMT,5
C28646277,Preferred,SSL34B,hongjiacheng,,,SMB,,10772,$0.0714,SMT,5
C28646299,Preferred,SK810B,hongjiacheng,,,SMB,,12262,$0.1077,SMT,5
C28646302,Preferred,SS220B,hongjiacheng,,,SMB,,12346,$0.0353,SMT,5
C28646278,Preferred,SSL54B,hongjiacheng,,,SMB,,22876,$0.1227,SMT,5
C28646279,Preferred,SSL56B,hongjiacheng,,,SMB,,18772,$0.1218,SMT,5
C28646280,Preferred,SSL24B,hongjiacheng,,,SMB,,3230,$0.0670,SMT,5
C28646297,Preferred,SS320C,hongjiacheng,,,SMC,,9723,$0.0456,SMT,2
C28646296,Preferred,SS515C,hongjiacheng,,,SMC,,10113,$0.1000,SMT,2
C22466358,Preferred,BAT43W,hongjiacheng,,,SOD-123,,11496,$0.0160,SMT,15
C22466362,Preferred,BAT42W,hongjiacheng,,,SOD-123,,86765,$0.0157,SMT,15
C22466365,Preferred,B5818W,hongjiacheng,,,SOD-123,,68682,$0.0167,SMT,15
C22466377,Preferred,B1040W,hongjiacheng,,,SOD-123,,26990,$0.0261,SMT,15
C22466347,Preferred,DSL34,hongjiacheng,,,SOD-123FL,,6744,$0.0530,SMT,5
C22466348,Preferred,DSL16,hongjiacheng,,,SOD-123FL,,7955,$0.0369,SMT,15
C22466349,Preferred,DSL14,hongjiacheng,,,SOD-123FL,,6667,$0.0364,SMT,15
C22466351,Preferred,DSK16,hongjiacheng,,,SOD-123FL,,129969,$0.0139,SMT,15
C22466352,Preferred,DSK24,hongjiacheng,,,SOD-123FL,,3339903,$0.0209,SMT,15
C22466353,Preferred,DSK36,hongjiacheng,,,SOD-123FL,,465075,$0.0293,SMT,15
C22466354,Preferred,DSK110,hongjiacheng,,,SOD-123FL,,528344,$0.0172,SMT,15
C22466355,Preferred,DSK120,hongjiacheng,,,SOD-123FL,,312822,$0.0215,SMT,15
C22466356,Preferred,DSK12,hongjiacheng,,,SOD-123FL,,48424,$0.0144,SMT,15
C28646289,Preferred,DSK310,hongjiacheng,,,SOD-123FL,,83786,$0.0324,SMT,15
C28646291,Preferred,DSK38,hongjiacheng,,,SOD-123FL,,30338,$0.0276,SMT,15
C28646287,Preferred,DSK115,hongjiacheng,,,SOD-123FL,,8208,$0.0204,SMT,15
C28646292,Preferred,DSK320,hongjiacheng,,,SOD-123FL,,11303,$0.0470,SMT,5
C22466346,Preferred,SD107WS,hongjiacheng,,,SOD-323,,4091,$0.0139,SMT,20
C22466375,Preferred,B1040WS,hongjiacheng,,,SOD-323,,28170,$0.0210,SMT,20
C28646260,Preferred,BAS40WS,hongjiacheng,,,SOD-323,,63238,$0.0116,SMT,20
C22466357,Preferred,SD103AWT,hongjiacheng,,,SOD-523,,5793,$0.0135,SMT,20
C22466367,Preferred,BAT46X,hongjiacheng,,,SOD-523,,631341,$0.0225,SMT,20
C22466369,Preferred,1SS389,hongjiacheng,,,SOD-523,,140550,$0.0132,SMT,20
C22466370,Preferred,BAS40X,hongjiacheng,,,SOD-523,,221480,$0.0114,SMT,20
C22466372,Preferred,RB520S-40,hongjiacheng,,,SOD-523,,6356,$0.0159,SMT,20
C22466350,Preferred,BAT54C,hongjiacheng,,,SOT-23,,446,$0.0127,SMT,10
C22466364,Preferred,BAS70-06,hongjiacheng,,,SOT-23,,131335,$0.0170,SMT,10
C22466368,Preferred,BAT54,hongjiacheng,,,SOT-23,,42833,$0.0113,SMT,10
C7502686,Preferred,BAS70,hongjiacheng,,,SOT-23,,389162,$0.0118,SMT,10
C22466366,Preferred,BAS70W-05,hongjiacheng,,,SOT-323,,14508,$0.0212,SMT,10
C22466373,Preferred,BAT54SW,hongjiacheng,,,SOT-323,,219593,$0.0172,SMT,10
C22466374,Preferred,BAT54AW,hongjiacheng,,,SOT-323,,11515,$0.0181,SMT,10
C22466376,Preferred,BAT54TW,hongjiacheng,,,SOT-363,,79128,$0.0311,SMT,10
C7502726,Preferred,BAS21S,hongjiacheng,,,SOT-23,,241484,$0.0129,SMT,10
C7420334,Preferred,BAV21WS,hongjiacheng,,,SOD-323,,132030,$0.0103,SMT,20
C19077493,Preferred,SMBJ5338B,hongjiacheng,,,DO-214AA(SMB),,122550,$0.1502,SMT,5
C19077494,Preferred,SMBJ5339B,hongjiacheng,,,DO-214AA(SMB),,55207,$0.1490,SMT,5
C19077495,Preferred,SMBJ5349B,hongjiacheng,,,DO-214AA(SMB),,22169,$0.1221,SMT,5
C19077474,Preferred,1SMA4728A,hongjiacheng,,,DO-214AC(SMA),,64565,$0.0431,SMT,5
C19077475,Preferred,1SMA4729A,hongjiacheng,,,DO-214AC(SMA),,46137,$0.0433,SMT,5
C19077476,Preferred,1SMA4733A,hongjiacheng,,,DO-214AC(SMA),,65380,$0.0410,SMT,5
C19077477,Preferred,1SMA4734A,hongjiacheng,,,DO-214AC(SMA),,46007,$0.0416,SMT,5
C19077479,Preferred,1SMA4740A,hongjiacheng,,,DO-214AC(SMA),,48465,$0.0412,SMT,5
C19077480,Preferred,1SMA4742A,hongjiacheng,,,DO-214AC(SMA),,22442,$0.0292,SMT,5
C19077481,Preferred,1SMA4743A,hongjiacheng,,,DO-214AC(SMA),,160597,$0.0430,SMT,5
C19077482,Preferred,1SMA4744A,hongjiacheng,,,DO-214AC(SMA),,90801,$0.0400,SMT,5
C19077484,Preferred,1SMA4747A,hongjiacheng,,,DO-214AC(SMA),,19192,$0.0284,SMT,5
C19077485,Preferred,1SMA4749A,hongjiacheng,,,DO-214AC(SMA),,26991,$0.0406,SMT,5
C19077491,Preferred,1SMA5929A,hongjiacheng,,,DO-214AC(SMA),,20346,$0.0542,SMT,5
C19077488,Preferred,1SMA5919A,hongjiacheng,,,DO-214AC(SMA),,120033,$0.0893,SMT,5
C19077483,Preferred,1SMA4746A,hongjiacheng,,,DO-214AC(SMA),,21843,$0.0299,SMT,5
C19077483,Preferred,1SMA4746A,hongjiacheng,,,DO-214AC(SMA),,21843,$0.0299,SMT,5
C19077486,Preferred,1SMA5913A,hongjiacheng,,,DO-214AC(SMA),,11720,$0.0708,SMT,5
C19077492,Preferred,1SMA5930A,hongjiacheng,,,DO-214AC(SMA),,5593,$0.0536,SMT,5
C19077392,Preferred,BZT52B3V3,hongjiacheng,,,SOD-123,,393209,$0.0167,SMT,15
C19077393,Preferred,BZT52B5V1,hongjiacheng,,,SOD-123,,72868,$0.0170,SMT,15
C19077394,Preferred,BZT52C2V7,hongjiacheng,,,SOD-123,,131253,$0.0148,SMT,15
C19077395,Preferred,BZT52C3V0,hongjiacheng,,,SOD-123,,316682,$0.0133,SMT,15
C19077396,Preferred,BZT52C3V3,hongjiacheng,,,SOD-123,,341428,$0.0151,SMT,15
C19077397,Preferred,BZT52C3V6,hongjiacheng,,,SOD-123,,175255,$0.0137,SMT,15
C19077398,Preferred,BZT52C3V9,hongjiacheng,,,SOD-123,,134330,$0.0139,SMT,15
C19077399,Preferred,BZT52C4V3,hongjiacheng,,,SOD-123,,34749,$0.0135,SMT,15
C19077400,Preferred,BZT52C4V7,hongjiacheng,,,SOD-123,,560425,$0.0137,SMT,15
C19077401,Preferred,BZT52C5V1,hongjiacheng,,,SOD-123,,745543,$0.0142,SMT,15
C19077402,Preferred,BZT52C5V6,hongjiacheng,,,SOD-123,,223361,$0.0136,SMT,15
C19077403,Preferred,BZT52C6V2,hongjiacheng,,,SOD-123,,220052,$0.0154,SMT,15
C19077404,Preferred,BZT52C6V8,hongjiacheng,,,SOD-123,,1657,$0.0137,SMT,15
C19077405,Preferred,BZT52C7V5,hongjiacheng,,,SOD-123,,52179,$0.0139,SMT,15
C19077406,Preferred,BZT52C8V2,hongjiacheng,,,SOD-123,,188479,$0.0148,SMT,15
C19077407,Preferred,BZT52C9V1,hongjiacheng,,,SOD-123,,68438,$0.0138,SMT,15
C19077408,Preferred,BZT52C10,hongjiacheng,,,SOD-123,,81353,$0.0144,SMT,15
C19077409,Preferred,BZT52C11,hongjiacheng,,,SOD-123,,36277,$0.0137,SMT,15
C19077410,Preferred,BZT52C12,hongjiacheng,,,SOD-123,,39337,$0.0151,SMT,15
C19077411,Preferred,BZT52C13,hongjiacheng,,,SOD-123,,50782,$0.0144,SMT,15
C19077412,Preferred,BZT52C15,hongjiacheng,,,SOD-123,,584863,$0.0148,SMT,15
C19077413,Preferred,BZT52C16,hongjiacheng,,,SOD-123,,144228,$0.0140,SMT,15
C19077414,Preferred,BZT52C18,hongjiacheng,,,SOD-123,,247114,$0.0133,SMT,15
C19077415,Preferred,BZT52C20,hongjiacheng,,,SOD-123,,104635,$0.0142,SMT,15
C19077416,Preferred,BZT52C24,hongjiacheng,,,SOD-123,,40426,$0.0139,SMT,15
C19077417,Preferred,BZT52C27,hongjiacheng,,,SOD-123,,24562,$0.0143,SMT,15
C19077419,Preferred,BZT52C33,hongjiacheng,,,SOD-123,,1637,$0.0137,SMT,15
C19077420,Preferred,BZT52C36,hongjiacheng,,,SOD-123,,128113,$0.0147,SMT,15
C19077421,Preferred,MMSZ5226B,hongjiacheng,,,SOD-123,,1445,$0.0188,SMT,15
C19077422,Preferred,MMSZ5231B,hongjiacheng,,,SOD-123,,109013,$0.0188,SMT,15
C19077423,Preferred,MMSZ5232B,hongjiacheng,,,SOD-123,,97681,$0.0176,SMT,15
C19077424,Preferred,MMSZ5235B,hongjiacheng,,,SOD-123,,119254,$0.0187,SMT,15
C19077426,Preferred,MMSZ5242B,hongjiacheng,,,SOD-123,,132772,$0.0182,SMT,15
C19077427,Preferred,MMSZ5243B,hongjiacheng,,,SOD-123,,30207,$0.0185,SMT,15
C19077428,Preferred,MMSZ5245B,hongjiacheng,,,SOD-123,,136879,$0.0203,SMT,15
C19077429,Preferred,MMSZ5246B,hongjiacheng,,,SOD-123,,35147,$0.0182,SMT,15
C19077430,Preferred,MMSZ5248B,hongjiacheng,,,SOD-123,,107483,$0.0204,SMT,15
C19077432,Preferred,MMSZ5252B,hongjiacheng,,,SOD-123,,5690,$0.0194,SMT,15
C19077433,Preferred,MMSZ5256B,hongjiacheng,,,SOD-123,,7247,$0.0179,SMT,15
C22375295,Preferred,BZT52C22,hongjiacheng,,,SOD-123,-55℃~+150℃ 1 Independent 100nA@15.4V 20.9V~23.1V 22V 250Ω 350mW 55Ω SOD-123 Zener Diodes ROHS,19097,$0.0137,SMT,15
C22375296,Preferred,BZT52C2V4,hongjiacheng,,,SOD-123,-55℃~+150℃ 1 Independent 100Ω 2.28V~2.52V 2.4V 350mW 50uA@1V 600Ω SOD-123 Zener Diodes ROHS,25953,$0.0143,SMT,15
C22375297,Preferred,BZT52C75,hongjiacheng,,,SOD-123,-55℃~+150℃ 1 Independent 1kΩ 200nA@10V 300Ω 350mW 70V~79V 75V SOD-123 Zener Diodes ROHS,173,$0.0139,SMT,15
C22379456,Preferred,MM1Z3V3,hongjiacheng,,,SOD-123,-55℃~+150℃ 1 Independent 130Ω 20uA@1V 3.1V~3.5V 3.3V 500mW SOD-123 Zener Diodes ROHS,121762,$0.0145,SMT,15
C22379457,Preferred,MM1Z3V6,hongjiacheng,,,SOD-123,-55℃~+150℃ 1 Independent 10uA@1V 130Ω 3.4V~3.8V 3.6V 500mW SOD-123 Zener Diodes ROHS,15437,$0.0138,SMT,15
C22379458,Preferred,MM1Z4V7,hongjiacheng,,,SOD-123,-55℃~+150℃ 1 Independent 130Ω 2uA@1V 4.4V~5V 4.7V 500mW SOD-123 Zener Diodes ROHS,38827,$0.0098,SMT,15
C22379459,Preferred,MM1Z12,hongjiacheng,,,SOD-123,-55℃~+150℃ 1 Independent 100nA@9V 11.4V~12.7V 12V 35Ω 500mW SOD-123 Zener Diodes ROHS,40902,$0.0097,SMT,15
C22379460,Preferred,MM1Z6V8,hongjiacheng,,,SOD-123,-55℃~+150℃ 1 Independent 30Ω 500mW 500nA@3.5V 6.4V~7.2V 6.8V SOD-123 Zener Diodes ROHS,18574,$0.0147,SMT,15
C22379461,Preferred,MM1Z16,hongjiacheng,,,SOD-123,-55℃~+150℃ 1 Independent 100nA@12V 15.3V~17.1V 16V 40Ω 500mW SOD-123 Zener Diodes ROHS,4866,$0.0139,SMT,15
C22379462,Preferred,MM1Z15,hongjiacheng,,,SOD-123,-55℃~+150℃ 1 Independent 100nA@11V 13.8V~15.6V 15V 40Ω 500mW SOD-123 Zener Diodes ROHS,18115,$0.0154,SMT,15
C22379463,Preferred,MM1Z3V0,hongjiacheng,,,SOD-123,-55℃~+150℃ 1 Independent 100Ω 2.8V~3.2V 3V 500mW 50uA@1V SOD-123 Zener Diodes ROHS,5806,$0.0135,SMT,15
C22379464,Preferred,MM1Z6V2,hongjiacheng,,,SOD-123,-55℃~+150℃ 1 Independent 1uA@3V 5.8V~6.6V 500mW 50Ω 6.2V SOD-123 Zener Diodes ROHS,27488,$0.0142,SMT,15
C22379465,Preferred,MM1Z24,hongjiacheng,,,SOD-123,-55℃~+150℃ 1 Independent 100nA@19V 22.8V~25.6V 24V 500mW 60Ω SOD-123 Zener Diodes ROHS,13641,$0.0151,SMT,15
C22379466,Preferred,MM1Z18,hongjiacheng,,,SOD-123,-55℃~+150℃ 1 Independent 100nA@13V 16.8V~19.1V 18V 45Ω 500mW SOD-123 Zener Diodes ROHS,208486,$0.0139,SMT,15
C22379467,Preferred,MM1Z20,hongjiacheng,,,SOD-123,-55℃~+150℃ 1 Independent 100nA@15V 18.8V~21.2V 20V 500mW 50Ω SOD-123 Zener Diodes ROHS,8226,$0.0131,SMT,15
C22379468,Preferred,MM1Z2V7,hongjiacheng,,,SOD-123,-55℃~+150℃ 1 Independent 110Ω 120uA@1V 2.5V~2.9V 2.7V 500mW SOD-123 Zener Diodes ROHS,119289,$0.0148,SMT,15
C22379469,Preferred,MM1Z27,hongjiacheng,,,SOD-123,-55℃~+150℃ 1 Independent 100nA@21V 25.1V~28.9V 27V 500mW 70Ω SOD-123 Zener Diodes ROHS,23784,$0.0138,SMT,15
C22395523,Preferred,MM1W3V3,hongjiacheng,,,SOD-123,,2263,$0.0401,SMT,15
C22395524,Preferred,MM1W3V6,hongjiacheng,,,SOD-123,,124292,$0.0436,SMT,15
C22395525,Preferred,MM1W3V9,hongjiacheng,,,SOD-123,,88938,$0.0468,SMT,15
C22395526,Preferred,MM1W5V1,hongjiacheng,,,SOD-123,,5121,$0.0376,SMT,15
C22395527,Preferred,MM1W10,hongjiacheng,,,SOD-123,,8014,$0.0437,SMT,15
C22395528,Preferred,MM1W11,hongjiacheng,,,SOD-123,,1395,$0.0199,SMT,15
C22395531,Preferred,MM1W24,hongjiacheng,,,SOD-123,,23560,$0.0345,SMT,15
C22395532,Preferred,MM1W30,hongjiacheng,,,SOD-123,,12537,$0.0421,SMT,15
C22395533,Preferred,MM1W82,hongjiacheng,,,SOD-123,,8257,$0.0323,SMT,5
C22395535,Preferred,MM1Z2V7B,hongjiacheng,,,SOD-123,,4770,$0.0166,SMT,15
C22395536,Preferred,MM1Z5V6B,hongjiacheng,,,SOD-123,,54993,$0.0167,SMT,15
C22395537,Preferred,MM1Z7V5B,hongjiacheng,,,SOD-123,,8229,$0.0181,SMT,15
C22395538,Preferred,MM1Z5V1,hongjiacheng,,,SOD-123,,19383,$0.0154,SMT,15
C22395539,Preferred,MM1Z5V6,hongjiacheng,,,SOD-123,,19655,$0.0154,SMT,15
C22395540,Preferred,MM1Z62,hongjiacheng,,,SOD-123,,5129,$0.0151,SMT,15
C22395541,Preferred,MM1W75,hongjiacheng,,,SOD-123,,14566,$0.0324,SMT,15
C22395546,Preferred,MMSZ4685,hongjiacheng,,,SOD-123,,33215,$0.0218,SMT,15
C22395547,Preferred,MMSZ4688,hongjiacheng,,,SOD-123,,36705,$0.0200,SMT,15
C22395549,Preferred,MMSZ4691,hongjiacheng,,,SOD-123,,9906,$0.0199,SMT,15
C22395550,Preferred,MMSZ4692,hongjiacheng,,,SOD-123,,3480,$0.0333,SMT,15
C22395551,Preferred,MMSZ4699,hongjiacheng,,,SOD-123,,50457,$0.0206,SMT,15
C22395553,Preferred,MMSZ5227B,hongjiacheng,,,SOD-123,,17753,$0.0182,SMT,15
C22395554,Preferred,MMSZ5230B,hongjiacheng,,,SOD-123,,5276,$0.0199,SMT,15
C22395555,Preferred,MMSZ5234B,hongjiacheng,,,SOD-123,,5550,$0.0200,SMT,15
C22395556,Preferred,MMSZ5236B,hongjiacheng,,,SOD-123,,8789,$0.0148,SMT,15
C22395557,Preferred,MMSZ5237B,hongjiacheng,,,SOD-123,,16557,$0.0153,SMT,15
C22395558,Preferred,MMSZ5239B,hongjiacheng,,,SOD-123,,62916,$0.0207,SMT,15
C22395559,Preferred,MMSZ5241B,hongjiacheng,,,SOD-123,,11961,$0.0153,SMT,15
C22395560,Preferred,MMSZ5251B,hongjiacheng,,,SOD-123,,6483,$0.0153,SMT,15
C22395561,Preferred,MMSZ5254B,hongjiacheng,,,SOD-123,,25984,$0.0147,SMT,15
C22395568,Preferred,BZT52B10,hongjiacheng,,,SOD-123,,4065,$0.0163,SMT,15
C22395570,Preferred,BZT52B15,hongjiacheng,,,SOD-123,,1282,$0.0173,SMT,15
C22395571,Preferred,BZT52C43,hongjiacheng,,,SOD-123,,2860,$0.0137,SMT,15
C22399882,Preferred,BZT52B8V2,hongjiacheng,,,SOD-123,,46835,$0.0216,SMT,15
C22399883,Preferred,BZT52B13,hongjiacheng,,,SOD-123,,19265,$0.0153,SMT,15
C22399887,Preferred,BZT52C47,hongjiacheng,,,SOD-123,,12407,$0.0137,SMT,15
C22399894,Preferred,MMSZ5225B,hongjiacheng,,,SOD-123,,27371,$0.0153,SMT,15
C22399895,Preferred,MMSZ5228B,hongjiacheng,,,SOD-123,,30709,$0.0156,SMT,15
C22399897,Preferred,MMSZ5238B,hongjiacheng,,,SOD-123,,1433,$0.0215,SMT,15
C22399898,Preferred,MMSZ5257B,hongjiacheng,,,SOD-123,,753,$0.0146,SMT,15
C22399899,Preferred,MMSZ5258B,hongjiacheng,,,SOD-123,,5808,$0.0153,SMT,15
C22399900,Preferred,MMSZ5259B,hongjiacheng,,,SOD-123,,6332,$0.0218,SMT,15
C22435086,Preferred,MM1W5V6,hongjiacheng,,,SOD-123,,35189,$0.0338,SMT,5
C22435087,Preferred,MM1W6V8,hongjiacheng,,,SOD-123,,13106,$0.0350,SMT,5
C22435090,Preferred,MM1W100,hongjiacheng,,,SOD-123,,5,$0.0361,SMT,15
C22435092,Preferred,MM1W12,hongjiacheng,,,SOD-123,,8671,$0.0333,SMT,5
C22435093,Preferred,MM1W20,hongjiacheng,,,SOD-123,,25325,$0.0243,SMT,5
C22435094,Preferred,MM1W9V1,hongjiacheng,,,SOD-123,,58645,$0.0360,SMT,15
C22435095,Preferred,MM1W15,hongjiacheng,,,SOD-123,,2569,$0.0347,SMT,5
C22435097,Preferred,MM1W7V5,hongjiacheng,,,SOD-123,,268,$0.0206,SMT,15
C22435098,Preferred,MM1W8V2,hongjiacheng,,,SOD-123,,4860,$0.0452,SMT,15
C22466338,Preferred,MM1Z62B,hongjiacheng,,,SOD-123,,4551,$0.0176,SMT,15
C22466340,Preferred,MM1Z3V3B,hongjiacheng,,,SOD-123,,1486,$0.0157,SMT,15
C22466341,Preferred,MM1Z10B,hongjiacheng,,,SOD-123,,3950,$0.0164,SMT,15
C22466342,Preferred,MM1Z12B,hongjiacheng,,,SOD-123,,7456,$0.0166,SMT,15
C22466343,Preferred,MM1Z5V1B,hongjiacheng,,,SOD-123,,28655,$0.0166,SMT,15
C22466344,Preferred,MM1Z6V2B,hongjiacheng,,,SOD-123,,3078,$0.0166,SMT,15
C22466345,Preferred,MM1Z47B,hongjiacheng,,,SOD-123,,14519,$0.0176,SMT,15
C19077435,Preferred,BZT52B5V6S,hongjiacheng,,,SOD-323,,13488,$0.0163,SMT,20
C19077436,Preferred,BZT52C3V0S,hongjiacheng,,,SOD-323,,186202,$0.0148,SMT,20
C19077437,Preferred,BZT52C3V3S,hongjiacheng,,,SOD-323,,126404,$0.0153,SMT,20
C19077438,Preferred,BZT52C3V6S,hongjiacheng,,,SOD-323,,33212,$0.0154,SMT,20
C19077439,Preferred,BZT52C4V7S,hongjiacheng,,,SOD-323,,132962,$0.0150,SMT,20
C19077442,Preferred,BZT52C6V2S,hongjiacheng,,,SOD-323,,26423,$0.0138,SMT,20
C19077443,Preferred,BZT52C6V8S,hongjiacheng,,,SOD-323,,26462,$0.0148,SMT,20
C19077444,Preferred,BZT52C7V5S,hongjiacheng,,,SOD-323,,93354,$0.0154,SMT,20
C19077445,Preferred,BZT52C9V1S,hongjiacheng,,,SOD-323,,116708,$0.0147,SMT,20
C19077446,Preferred,BZT52C10S,hongjiacheng,,,SOD-323,,4017,$0.0164,SMT,20
C19077447,Preferred,BZT52C12S,hongjiacheng,,,SOD-323,,148995,$0.0150,SMT,20
C19077448,Preferred,BZT52C15S,hongjiacheng,,,SOD-323,,86616,$0.0160,SMT,20
C19077450,Preferred,BZT52C18S,hongjiacheng,,,SOD-323,,229265,$0.0143,SMT,20
C19077451,Preferred,BZT52C20S,hongjiacheng,,,SOD-323,,52466,$0.0136,SMT,20
C19077452,Preferred,MM3Z3V0,hongjiacheng,,,SOD-323,,36523,$0.0105,SMT,20
C19077453,Preferred,MM3Z3V3,hongjiacheng,,,SOD-323,,44844,$0.0163,SMT,20
C19077454,Preferred,MM3Z3V6,hongjiacheng,,,SOD-323,,31577,$0.0161,SMT,20
C19077455,Preferred,MM3Z5V1,hongjiacheng,,,SOD-323,,250309,$0.0154,SMT,20
C19077456,Preferred,MM3Z5V6,hongjiacheng,,,SOD-323,,7981,$0.0166,SMT,20
C19077457,Preferred,MM3Z6V2,hongjiacheng,,,SOD-323,,26441,$0.0120,SMT,20
C19077458,Preferred,MM3Z6V8,hongjiacheng,,,SOD-323,,27495,$0.0143,SMT,20
C19077459,Preferred,MM3Z10,hongjiacheng,,,SOD-323,,23069,$0.0156,SMT,20
C19077460,Preferred,MM3Z12,hongjiacheng,,,SOD-323,,3395,$0.0137,SMT,20
C19077461,Preferred,MM3Z18,hongjiacheng,,,SOD-323,,3552,$0.0145,SMT,20
C22375287,Preferred,BZT52C11S,hongjiacheng,,,SOD-323,-55℃~+150℃ 1 Independent 10.4V~11.6V 100nA 11V 150Ω 200mW 20Ω SOD-323 Zener Diodes ROHS,9833,$0.0141,SMT,20
C22375289,Preferred,BZT52C24S,hongjiacheng,,,SOD-323,-55℃~+150℃ 1 Independent 100nA 200mW 22.8V~25.6V 24V 250Ω 70Ω SOD-323 Zener Diodes ROHS,65193,$0.0147,SMT,20
C22375290,Preferred,BZT52C2V4S,hongjiacheng,,,SOD-323,-55℃~+150℃ 1 Independent 100Ω 2.2V~2.6V 2.4V 200mW 50uA 600Ω SOD-323 Zener Diodes ROHS,6318,$0.0138,SMT,20
C22375291,Preferred,BZT52C30S,hongjiacheng,,,SOD-323,-55℃~+150℃ 1 Independent 100nA 200mW 28V~32V 300Ω 30V 80Ω SOD-323 Zener Diodes ROHS,55598,$0.0144,SMT,20
C22375292,Preferred,BZT52C33S,hongjiacheng,,,SOD-323,-55℃~+150℃ 1 Independent 100nA 200mW 31V~35V 325Ω 33V 80Ω SOD-323 Zener Diodes ROHS,7858,$0.0139,SMT,20
C22375293,Preferred,BZT52C36S,hongjiacheng,,,SOD-323,-55℃~+150℃ 1 Independent 100nA 200mW 34V~38V 350Ω 36V 90Ω SOD-323 Zener Diodes ROHS,170497,$0.0108,SMT,20
C22375294,Preferred,BZT52C8V2S,hongjiacheng,,,SOD-323,-55℃~+150℃ 1 Independent 15Ω 200mW 7.7V~8.7V 700nA 8.2V 80Ω SOD-323 Zener Diodes ROHS,264962,$0.0154,SMT,20
C22375298,Preferred,BZT52C2V7S,hongjiacheng,,,SOD-323,-55℃~+150℃ 1 Independent 100Ω 2.5V~2.9V 2.7V 200mW 20uA@1V 600Ω SOD-323 Zener Diodes ROHS,173208,$0.0153,SMT,20
C22375299,Preferred,BZT52C3V9S,hongjiacheng,,,SOD-323,-55℃~+150℃ 1 Independent 200mW 3.7V~4.1V 3.9V 3uA 600Ω 90Ω SOD-323 Zener Diodes ROHS,239656,$0.0127,SMT,20
C22375300,Preferred,BZT52C27S,hongjiacheng,,,SOD-323,-55℃~+150℃ 1 Independent 100nA 200mW 25.1V~28.9V 27V 300Ω 80Ω SOD-323 Zener Diodes ROHS,5659,$0.0142,SMT,20
C22379454,Preferred,MM3Z5V1B,hongjiacheng,,,SOD-323,-55℃~+150℃ 1 Independent 130Ω 2uA@1.5V 300mW 5.1V 5V~5.2V SOD-323 Zener Diodes ROHS,614,$0.0157,SMT,20
C22395542,Preferred,MM3Z51,hongjiacheng,,,SOD-323,,15656,$0.0176,SMT,20
C22395562,Preferred,MMSZ5231BS,hongjiacheng,,,SOD-323,,9216,$0.0160,SMT,20
C22395563,Preferred,MMSZ5232BS,hongjiacheng,,,SOD-323,,3018,$0.0153,SMT,20
C22395564,Preferred,MMSZ5239BS,hongjiacheng,,,SOD-323,,2733,$0.0188,SMT,20
C22395565,Preferred,MMSZ5246BS,hongjiacheng,,,SOD-323,,5837,$0.0157,SMT,20
C22395566,Preferred,MMSZ5248BS,hongjiacheng,,,SOD-323,,5086,$0.0156,SMT,20
C22395567,Preferred,MMSZ5250BS,hongjiacheng,,,SOD-323,,19987,$0.0206,SMT,20
C22399885,Preferred,BZT52B9V1S,hongjiacheng,,,SOD-323,,22907,$0.0153,SMT,20
C22399886,Preferred,BZT52B10S,hongjiacheng,,,SOD-323,,8004,$0.0144,SMT,20
C22399888,Preferred,BZT52C4V3S,hongjiacheng,,,SOD-323,,988968,$0.0139,SMT,20
C22399890,Preferred,MM3Z15,hongjiacheng,,,SOD-323,,26084,$0.0156,SMT,20
C22399891,Preferred,MM3Z4V7,hongjiacheng,,,SOD-323,,43105,$0.0151,SMT,20
C22399893,Preferred,MM3Z9V1,hongjiacheng,,,SOD-323,,12760,$0.0151,SMT,20
C22399884,Preferred,BZT52B8V2S,hongjiacheng,,,SOD-323,,9084,$0.0153,SMT,20
C19077463,Preferred,BZX584C5V1,hongjiacheng,,,SOD-523,,339739,$0.0167,SMT,20
C22395575,Preferred,BZX584C3V9,hongjiacheng,,,SOD-523,,1503,$0.0172,SMT,20
C22395576,Preferred,BZX584C4V3,hongjiacheng,,,SOD-523,,1997,$0.0185,SMT,20
C22395577,Preferred,BZX584C10,hongjiacheng,,,SOD-523,,37157,$0.0178,SMT,20
C22395578,Preferred,BZX584C11,hongjiacheng,,,SOD-523,,14054,$0.0178,SMT,20
C22395581,Preferred,BZX584C18,hongjiacheng,,,SOD-523,,118572,$0.0170,SMT,20
C22395582,Preferred,BZX584C39,hongjiacheng,,,SOD-523,,15637,$0.0173,SMT,20
C19077466,Preferred,BZX584C15,hongjiacheng,,,SOD-523,,63496,$0.0175,SMT,20
C19077468,Preferred,BZX84C5V1,hongjiacheng,,,SOT-23,,1909,$0.0145,SMT,10
C19077469,Preferred,BZX84C5V6,hongjiacheng,,,SOT-23,,17486,$0.0145,SMT,10
C19077470,Preferred,BZX84C10,hongjiacheng,,,SOT-23,,11153,$0.0163,SMT,10
C19077473,Preferred,BZX84C18,hongjiacheng,,,SOT-23,,163707,$0.0153,SMT,10
C22379470,Preferred,BZX84C7V5,hongjiacheng,,,SOT-23,-55℃~+150℃ 1 Independent 15Ω 1uA 300mW 7.5V 7V~7.9V 80Ω SOT-23 Zener Diodes ROHS,17327,$0.0153,SMT,10
C22379471,Preferred,BZX84C16,hongjiacheng,,,SOT-23,-55℃~+150℃ 1 Independent 100nA 15.3V~17.1V 16V 200Ω 300mW 40Ω SOT-23 Zener Diodes ROHS,48512,$0.0113,SMT,10
C22379472,Preferred,BZX84C30,hongjiacheng,,,SOT-23,-55℃~+150℃ 1 Independent 100nA 28V~32V 300mW 300Ω 30V 80Ω SOT-23 Zener Diodes ROHS,35366,$0.0147,SMT,10
C22379473,Preferred,BZX84C6V8,hongjiacheng,,,SOT-23,-55℃~+150℃ 1 Independent 15Ω 2uA 300mW 6.4V~7.2V 6.8V 80Ω SOT-23 Zener Diodes ROHS,10664,$0.0146,SMT,10
C22379474,Preferred,BZX84C33,hongjiacheng,,,SOT-23,-55℃~+150℃ 1 Independent 100nA@23.1V 300mW 31V~35V 325Ω 33V 80Ω SOT-23 Zener Diodes ROHS,65965,$0.0161,SMT,10
C22395521,Preferred,BZX84C4V7,hongjiacheng,,,SOT-23,,70091,$0.0130,SMT,10
C22395522,Preferred,BZX84C8V2,hongjiacheng,,,SOT-23,,22725,$0.0147,SMT,10
C22395543,Preferred,MMBZ5226B,hongjiacheng,,,SOT-23,,7215,$0.0181,SMT,10
C19077472,Preferred,BZX84C15,hongjiacheng,,,SOT-23,,22151,$0.0176,SMT,10
C9669,Preferred,ADUM1201ARZ-RL7,Analog Devices,,,SOIC-8,-40℃~+105℃ 1 1 1Mbps 2.7V~5.5V 2.7V~5.5V 2500 25kV/us 50ns Bidirectional signal isolation、Multi-voltage domain interface,24286,$1.7763,SMT,1
C42432283,Preferred,ICPL-356-50CEAXW,ISOMICRON,,,SOP-4,,1389,$0.0621,SMT,5
C22818,Preferred,0603WAF1602T5E (SMT业务专用),UNI-ROYAL(Uniroyal Elec),,,0603,16kΩ ±1% 0603 Chip Resistor - Surface Mount ROHS,6,$0.0012,SMT,20
C20615778,Preferred,H3V3L06B,hongjiacheng,,,DFN0603-2L,-55℃~+125℃ 10V 12pF 200nA 3.3V 6V 80W@8/20us 8A@8/20us Bidirectional ESD IEC 61000-4-2、IEC 61000-4-5 DFN0603-2L ESD and ,3186,$0.0112,SMT,20
C20615779,Preferred,H5VN06B,hongjiacheng,,,DFN0603-2L,-55℃~+125℃ 100W@8/20us 12.5V 15pF 500nA 5V 8A@8/20us 9V Bidirectional ESD IEC 61000-4-2、IEC 61000-4-5 DFN0603-2L ESD and,12821,$0.0104,SMT,20
C20615782,Preferred,H3V3U10B,hongjiacheng,,,DFN1006-2L,-55℃~+125℃ 0.3pF 125W@8/20us 200nA 25V 3.3V 5A@8/20us 6V Bidirectional ESD IEC 61000-4-2、IEC 61000-4-5 DFN1006-2L ESD an,166126,$0.0276,SMT,20
C20615783,Preferred,H4V5N10B,hongjiacheng,,,DFN1006-2L,-55℃~+125℃ 100nA 11V 4.5V 45A@8/20us 560W@8/20us 60pF 7.5V Bidirectional ESD IEC 61000-4-2、IEC 61000-4-5 DFN1006-2L ESD ,149688,$0.0203,SMT,20
C20615784,Preferred,H5VL10BC,hongjiacheng,,,DFN1006-2L,-55℃~+125℃ 100nA 12V 12pF 5V 8A@8/20us 95W@8/20us 9V Bidirectional ESD IEC 61000-4-2、IEC 61000-4-5 DFN1006-2L ESD and Su,99229,$0.0078,SMT,20
C20615785,Preferred,H5VS10BC,hongjiacheng,,,DFN1006-2L,-55℃~+125℃ 10V 12V 2.5pF 200nA 25W@8/20us 2A@8/20us 5V Bidirectional ESD IEC 61000-4-2、IEC 61000-4-5 DFN1006-2L ESD and ,3319,$0.0097,SMT,20
C20615786,Preferred,H5VU10BB,hongjiacheng,,,DFN1006-2L,-55℃~+125℃ 0.3pF 10V 120W@8/20us 200nA 24V 5A@8/20us 5V Bidirectional ESD IEC 61000-4-2、IEC 61000-4-5 DFN1006-2L ESD and,62858,$0.0190,SMT,20
C20615787,Preferred,H7VL10B,hongjiacheng,,,DFN1006-2L,-55℃~+155℃ 10V 12A@8/20us 16.7V 200W@8/20us 200nA 20pF 7V Bidirectional ESD IEC 61000-4-2、IEC 61000-4-5 DFN1006-2L ESD a,209,$0.0125,SMT,20
C20615788,Preferred,H7VN10B,hongjiacheng,,,DFN1006-2L,-55℃~+125℃ 200nA 22pF 6A@8/20us 7V 80W@8/20us 9.6V 9V、14V Bidirectional ESD IEC 61000-4-2、IEC 61000-4-5 DFN1006-2L ESD a,8275,$0.0115,SMT,20
C20615790,Preferred,H12VL10B,hongjiacheng,,,DFN1006-2L,-55℃~+125℃ 12V 12pF 15.8V 200W@8/20us 200nA 25.5V 8A@8/20us Bidirectional ESD IEC 61000-4-2、IEC 61000-4-5 DFN1006-2L ESD,608268,$0.0111,SMT,20
C20615791,Preferred,H15VL10B,hongjiacheng,,,DFN1006-2L,-55℃~+125℃ 15V 19.5V 200nA 20pF 320W@8/20us 40V 8A@8/20us Bidirectional ESD IEC 61000-4-2、IEC 61000-4-5 DFN1006-2L ESD a,558906,$0.0143,SMT,20
C20615792,Preferred,H15VU10B,hongjiacheng,,,DFN1006-2L,-55℃~+125℃ 0.3pF 15V 2.5A@8/20us 200nA 21.5V 35V 90W@8/20us Bidirectional ESD IEC 61000-4-2、IEC 61000-4-5 DFN1006-2L ESD,19828,$0.0196,SMT,20
C20617909,Preferred,H3V3N10B,hongjiacheng,,,DFN1006-2L,-55℃~+125℃ 10V 12.5pF 3.3V 50nA 6V 80W@8/20us 8A@8/20us Bidirectional ESD IEC 61000-4-2、IEC 61000-4-5 DFN1006-2L ESD and,16208,$0.0116,SMT,20
C20617910,Preferred,H4S5N10B,hongjiacheng,,,DFN1006-2L,-55℃~+125℃ 100nA 100pF 15V 4.5V 5.5V 55A@8/20us 825W@8/20us Bidirectional ESD IEC 61000-4-2、IEC 61000-4-5 DFN1006-2L ESD,8624,$0.0367,SMT,20
C20617911,Preferred,H5VS10BA,hongjiacheng,,,DFN1006-2L,-55℃~+125℃ 10V 200nA 3.5A@8/20us 35W@8/20us 5.5pF 5V 8V Bidirectional ESD IEC 61000-4-2、IEC 61000-4-5 DFN1006-2L ESD and,32065,$0.0095,SMT,20
C20617912,Preferred,H24VL10B,hongjiacheng,,,DFN1006-2L,-55℃~+125℃ 200nA 20pF 24V 31V 480W@8/20us 60V 8A@8/20us Bidirectional ESD IEC 61000-4-2、IEC 61000-4-5 DFN1006-2L ESD and,308069,$0.0259,SMT,20
C20615793,Preferred,H18VU10B,hongjiacheng,,,DFN1006-2L,-55℃~+125℃ 0.6pF 18V 2.5A@8/20us 20.5V 200nA 33V 80W@8/20us Bidirectional ESD IEC 61000-4-2、IEC 61000-4-5 DFN1006-2L ESD,9560,$0.0209,SMT,20
C20615795,Preferred,H5VU13U,hongjiacheng,,,DFN1006-3L,-55℃~+125℃ 0.4pF、0.8pF 15V 200nA 5A@8/20us 5V 75W@8/20us 9V ESD IEC 61000-4-2、IEC 61000-4-5 Unidirectional DFN1006-3L ES,30310,$0.0252,SMT,10
C20615796,Preferred,H7VH16U,hongjiacheng,,,DFN1610-2L,-55℃~+125℃ 10V 115A@8/20us 2.3kW@8/20us 20V 500nA 7V 900pF ESD IEC 61000-4-2、IEC 61000-4-5 Unidirectional DFN1610-2L ESD,17496,$0.0372,SMT,5
C20615798,Preferred,H12VH16U,hongjiacheng,,,DFN1610-2L,-55℃~+155℃ 100A@8/20us 12V 17.8V 2.5kW@8/20us 200nA 25V 280pF ESD IEC 61000-4-2、IEC 61000-4-5 Unidirectional DFN1610-2L ,18193,$0.0243,SMT,5
C20617913,Preferred,H5VH16U,hongjiacheng,,,DFN1610-2L,-55℃~+125℃ 1.95kW@8/20us 130A@8/20us 15V 1nF 1uA 5V 6V ESD IEC 61000-4-2、IEC 61000-4-5 Unidirectional DFN1610-2L ESD and,15604,$0.0416,SMT,5
C20617914,Preferred,H20VH16U,hongjiacheng,,,DFN1610-2L,-55℃~+125℃ 1.2kW@8/20us 20V 25.2V 32A@8/20us 38V 500nA 60pF ESD IEC 61000-4-2、IEC 61000-4-5 Unidirectional DFN1610-2L ES,4329,$0.0382,SMT,5
C20615799,Preferred,H12VH22U,hongjiacheng,,,DFN2020-3L,-55℃~+125℃ 1.55nF 12V 16.5V 1uA 210A@8/20us 30V 6kW@8/20us ESD IEC 61000-4-2、IEC 61000-4-5 Unidirectional DFN2020-3L ESD,1256,$0.0600,SMT,5
C20615800,Preferred,H5VU25UC,hongjiacheng,,,DFN2510-10L,-55℃~+125℃ 0.4pF、0.8pF 10V 15V 1uA 5A@8/20us 5V 75W@8/20us ESD IEC 61000-4-2、IEC 61000-4-5 Unidirectional DFN2510-10L ES,19419,$0.0230,SMT,5
C19077556,Preferred,SMBJ3.3A,hongjiacheng,,,DO-214AA(SMB),-55℃~+150℃ 3.3V 6.5V 600W@10/1000us 600uA 75A@10/1000us 8V IEC 61000-4-2 TVS Unidirectional DO-214AA(SMB) ESD and Surge ,22948,$0.1228,SMT,5
C19077557,Preferred,SMBJ3.3CA,hongjiacheng,,,DO-214AA(SMB),-55℃~+150℃ 3.3V 6.5V 600W@10/1000us 600uA 75A@10/1000us 8V Bidirectional IEC 61000-4-2 TVS DO-214AA(SMB) ESD and Surge P,112058,$0.1241,SMT,5
C19077559,Preferred,SMBJ5.0CA,hongjiacheng,,,DO-214AA(SMB),-55℃~+150℃ 5V 600W@10/1000us 65.22A@10/1000us 7V 800uA 9.2V Bidirectional IEC 61000-4-2 TVS DO-214AA(SMB) ESD and Surge ,2263,$0.0524,SMT,5
C19077560,Preferred,SMBJ6.0A,hongjiacheng,,,DO-214AA(SMB),-55℃~+150℃ 10.3V 58.25A@10/1000us 600W@10/1000us 6V 7.37V 800uA IEC 61000-4-2 TVS Unidirectional DO-214AA(SMB) ESD and S,173103,$0.0517,SMT,5
C19077563,Preferred,SMBJ7.0A,hongjiacheng,,,DO-214AA(SMB),-55℃~+150℃ 12V 200uA 50A@10/1000us 600W@10/1000us 7V 8.6V IEC 61000-4-2 TVS Unidirectional DO-214AA(SMB) ESD and Surge P,39373,$0.0434,SMT,5
C19077564,Preferred,SMBJ7.0CA,hongjiacheng,,,DO-214AA(SMB),,40804,$0.0471,SMT,5
C19077565,Preferred,SMBJ12A,hongjiacheng,,,DO-214AA(SMB),-55℃~+150℃ 12V 14.7V 19.9V 30.15A@10/1000us 5uA 600W@10/1000us IEC 61000-4-2 TVS Unidirectional DO-214AA(SMB) ESD and Su,30529,$0.0467,SMT,5
C19077567,Preferred,SMBJ13A,hongjiacheng,,,DO-214AA(SMB),-55℃~+150℃ 13V 15.9V 21.5V 27.91A@10/1000us 5uA 600W@10/1000us IEC 61000-4-2 TVS Unidirectional DO-214AA(SMB) ESD and Su,35461,$0.0444,SMT,5
C19077568,Preferred,SMBJ13CA,hongjiacheng,,,DO-214AA(SMB),,181894,$0.0490,SMT,5
C19077569,Preferred,SMBJ15A,hongjiacheng,,,DO-214AA(SMB),-55℃~+150℃ 15V 18.5V 24.4V 24.59A@10/1000us 5uA 600W@10/1000us IEC 61000-4-2 TVS Unidirectional DO-214AA(SMB) ESD and Su,25039,$0.0444,SMT,5
C19077570,Preferred,SMBJ15CA,hongjiacheng,,,DO-214AA(SMB),,230278,$0.0462,SMT,5
C19077571,Preferred,SMBJ16A,hongjiacheng,,,DO-214AA(SMB),16V 19.7V 23.08A 26V 5uA 600W@10/1000us IEC 61000-4-2 TVS Unidirectional DO-214AA(SMB) ESD and Surge Protection (TVS/ESD,167324,$0.0419,SMT,5
C19077572,Preferred,SMBJ16CA,hongjiacheng,,,DO-214AA(SMB),,81456,$0.0467,SMT,5
C19077573,Preferred,SMBJ18A,hongjiacheng,,,DO-214AA(SMB),-55℃~+150℃ 18V 20.55A@10/1000us 22.1V 29.2V 5uA 600W@10/1000us IEC 61000-4-2 TVS Unidirectional DO-214AA(SMB) ESD and Su,10962,$0.0427,SMT,5
C19077574,Preferred,SMBJ18CA,hongjiacheng,,,DO-214AA(SMB),,64345,$0.0465,SMT,5
C19077575,Preferred,SMBJ20A,hongjiacheng,,,DO-214AA(SMB),-55℃~+150℃ 18.52A@10/1000us 20V 24.5V 32.4V 5uA 600W@10/1000us IEC 61000-4-2 TVS Unidirectional DO-214AA(SMB) ESD and Su,11734,$0.0314,SMT,5
C19077576,Preferred,SMBJ20CA,hongjiacheng,,,DO-214AA(SMB),18.52A@10/1000us 20V 24.5V 32.4V 5uA 600W@10/1000us Bidirectional IEC 61000-4-2 TVS DO-214AA(SMB) ESD and Surge Protecti,87005,$0.0456,SMT,5
C19077577,Preferred,SMBJ22CA,hongjiacheng,,,DO-214AA(SMB),,18746,$0.0446,SMT,5
C19077578,Preferred,SMBJ24A,hongjiacheng,,,DO-214AA(SMB),-55℃~+150℃ 15.42A@10/1000us 24V 29.5V 38.9V 5uA 600W@10/1000us IEC 61000-4-2 TVS Unidirectional DO-214AA(SMB) ESD and Su,62348,$0.0483,SMT,5
C19077580,Preferred,SMBJ26A,hongjiacheng,,,DO-214AA(SMB),-55℃~+150℃ 14.25A@10/1000us 26V 31.9V 42.1V 5uA 600W@10/1000us IEC 61000-4-2 TVS Unidirectional DO-214AA(SMB) ESD and Su,9232,$0.0428,SMT,5
C19077583,Preferred,SMBJ28CA,hongjiacheng,,,DO-214AA(SMB),,92947,$0.0468,SMT,5
C19077586,Preferred,SMBJ33A,hongjiacheng,,,DO-214AA(SMB),-55℃~+150℃ 11.26A@10/1000us 33V 40.6V 53.3V 5uA 600W@10/1000us IEC 61000-4-2 TVS Unidirectional DO-214AA(SMB) ESD and Su,67644,$0.0444,SMT,5
C19077590,Preferred,SMBJ40CA,hongjiacheng,,,DO-214AA(SMB),,55071,$0.0456,SMT,5
C19077592,Preferred,SMBJ58CA,hongjiacheng,,,DO-214AA(SMB),,185134,$0.0479,SMT,5
C19077593,Preferred,SMBJ60CA,hongjiacheng,,,DO-214AA(SMB),-55℃~+150℃ 5uA 6.2A@10/1000us 600W@10/1000us 60V 73.7V 96.8V Bidirectional IEC 61000-4-2 TVS DO-214AA(SMB) ESD and Surge,301010,$0.0474,SMT,5
C19077594,Preferred,SMBJ64A,hongjiacheng,,,DO-214AA(SMB),-55℃~+150℃ 103V 5.83A@10/1000us 5uA 600W@10/1000us 64V 78.6V IEC 61000-4-2 TVS Unidirectional DO-214AA(SMB) ESD and Surg,159717,$0.0483,SMT,5
C19077595,Preferred,P6SMB6.8A,hongjiacheng,,,DO-214AA(SMB),-55℃~+150℃ 10.5V 1mA 5.8V 57.1A@10/1000us 600W@10/1000us 7.14V IEC 61000-4-2 TVS Unidirectional DO-214AA(SMB) ESD and Su,15050,$0.0373,SMT,5
C19077597,Preferred,P6SMB15CA,hongjiacheng,,,DO-214AA(SMB),,4997,$0.0473,SMT,5
C19077598,Preferred,P6SMB16CA,hongjiacheng,,,DO-214AA(SMB),-55℃~+150℃ 13.6V 16.8V 22.5V 26.6A@10/1000us 5uA 600W@10/1000us Bidirectional IEC 61000-4-2 TVS DO-214AA(SMB) ESD and Su,81692,$0.0370,SMT,5
C19077599,Preferred,P6SMB18CA,hongjiacheng,,,DO-214AA(SMB),-55℃~+150℃ 15.3V 18.9V 23.8A@10/1000us 25.2V 5uA 600W@10/1000us Bidirectional IEC 61000-4-2 TVS DO-214AA(SMB) ESD and Su,36924,$0.0434,SMT,5
C19077600,Preferred,P6SMB30A,hongjiacheng,,,DO-214AA(SMB),-55℃~+150℃ 14.5A@10/1000us 25.6V 31.5V 41.4V 5uA 600W@10/1000us IEC 61000-4-2 TVS Unidirectional DO-214AA(SMB) ESD and S,11922,$0.0618,SMT,5
C19077601,Preferred,P6SMB30CA,hongjiacheng,,,DO-214AA(SMB),14.5A@10/1000us 25.6V 31.5V 41.4V 5uA 600W@10/1000us Bidirectional IEC 61000-4-2 TVS DO-214AA(SMB) ESD and Surge Protect,128371,$0.0481,SMT,5
C19077602,Preferred,P6SMB36CA,hongjiacheng,,,DO-214AA(SMB),-55℃~+150℃ 12A@10/1000us 30.8V 37.8V 49.9V 5uA 600W@10/1000us Bidirectional IEC 61000-4-2 TVS DO-214AA(SMB) ESD and Surg,16881,$0.0459,SMT,5
C19077525,Preferred,SMAJ6.0A,hongjiacheng,,,DO-214AC(SMA),-55℃~+150℃ 10.3V 38.8A@10/1000us 400W@10/1000us 6V 7.37V 800uA IEC 61000-4-2 TVS Unidirectional DO-214AC(SMA) ESD and Su,154052,$0.0350,SMT,5
C19077529,Preferred,SMAJ7.0CA,hongjiacheng,,,DO-214AC(SMA),-55℃~+150℃ 12V 200uA 33.3A@10/1000us 400W@10/1000us 7V 8.6V Bidirectional IEC 61000-4-2 TVS DO-214AC(SMA) ESD and Surge ,145,$0.0356,SMT,5
C19077530,Preferred,SMAJ10CA,hongjiacheng,,,DO-214AC(SMA),-55℃~+150℃ 10V 12.3V 17V 23.5A 400W@10/1000us 5uA Bidirectional IEC 61000-4-2 TVS DO-214AC(SMA) ESD and Surge Protection,38103,$0.0246,SMT,5
C19077533,Preferred,SMAJ13A,hongjiacheng,,,DO-214AC(SMA),-55℃~+150℃ 13V 15.9V 18.6A 1uA 21.5V 400W@10/1000us IEC 61000-4-2 TVS Unidirectional DO-214AC(SMA) ESD and Surge Protect,20946,$0.0327,SMT,5
C19077534,Preferred,SMAJ13CA,hongjiacheng,,,DO-214AC(SMA),-55℃~+150℃ 13V 15.9V 18.6A@10/1000us 1uA 21.5V 400W@10/1000us Bidirectional IEC 61000-4-2 TVS DO-214AC(SMA) ESD and Surg,62245,$0.0253,SMT,5
C19077537,Preferred,SMAJ16CA,hongjiacheng,,,DO-214AC(SMA),-55℃~+150℃ 15.4A 16V 19.7V 1uA 26V 400W@10/1000us Bidirectional IEC 61000-4-2 TVS DO-214AC(SMA) ESD and Surge Protection,64594,$0.0348,SMT,5
C19077539,Preferred,SMAJ18CA,hongjiacheng,,,DO-214AC(SMA),-55℃~+150℃ 13.7A@10/1000us 18V 1uA 22.1V 29.2V 400W@10/1000us Bidirectional IEC 61000-4-2 TVS DO-214AC(SMA) ESD and Surg,75472,$0.0344,SMT,5
C19077540,Preferred,SMAJ20CA,hongjiacheng,,,DO-214AC(SMA),-55℃~+150℃ 12.3A@10/1000us 1uA 20V 24.5V 32.4V 400W@10/1000us Bidirectional IEC 61000-4-2 TVS DO-214AC(SMA) ESD and Surg,33567,$0.0347,SMT,5
C19077541,Preferred,SMAJ24A,hongjiacheng,,,DO-214AC(SMA),10.3A@10/1000us 1uA 24V 29.5V 38.9V 400W@10/1000us IEC 61000-4-2 TVS Unidirectional DO-214AC(SMA) ESD and Surge Protecti,110570,$0.0347,SMT,5
C19077546,Preferred,SMAJ28CA,hongjiacheng,,,DO-214AC(SMA),-55℃~+150℃ 1uA 28V 34.4V 400W@10/1000us 45.4V 8.8A Bidirectional IEC 61000-4-2 TVS DO-214AC(SMA) ESD and Surge Protectio,77690,$0.0354,SMT,5
C19077548,Preferred,SMAJ30CA,hongjiacheng,,,DO-214AC(SMA),-55℃~+150℃ 1uA 30V 36.8V 400W@10/1000us 48.4V 8.3A@10/1000us Bidirectional IEC 61000-4-2 TVS DO-214AC(SMA) ESD and Surge,64944,$0.0353,SMT,5
C19077549,Preferred,SMAJ33CA,hongjiacheng,,,DO-214AC(SMA),-55℃~+150℃ 1uA 33V 40.6V 400W@10/1000us 53.3V 7.5A@10/1000us Bidirectional IEC 61000-4-2 TVS DO-214AC(SMA) ESD and Surge,593405,$0.0354,SMT,5
C19077553,Preferred,SMAJ48CA,hongjiacheng,,,DO-214AC(SMA),-55℃~+150℃ 1uA 400W@10/1000us 48V 5.2A@10/1000us 58.9V 77.4V Bidirectional IEC 61000-4-2 TVS DO-214AC(SMA) ESD and Surge,87919,$0.0339,SMT,5
C19077554,Preferred,SMAJ58A,hongjiacheng,,,DO-214AC(SMA),-55℃~+150℃ 1uA 4.3A@10/1000us 400W@10/1000us 58V 71.2V 93.6V IEC 61000-4-2 TVS Unidirectional DO-214AC(SMA) ESD and Surg,35404,$0.0467,SMT,5
C19077555,Preferred,P4SMA6.8CA,hongjiacheng,,,DO-214AC(SMA),-55℃~+150℃ 10.5V 1mA 38.1A@10/1000us 400W@10/1000us 5.8V 7.14V Bidirectional IEC 61000-4-2 TVS DO-214AC(SMA) ESD and Sur,15810,$0.0385,SMT,5
C19077522,Preferred,SMAJ3.3CA,hongjiacheng,,,SMA,-55℃~+150℃ 3.3V 400W@10/1000us 43.8A@10/1000us 600uA 8V 9V Bidirectional IEC 61000-4-2 TVS SMA ESD and Surge Protection ,38305,$0.0578,SMT,5
C19077603,Preferred,SMCJ15CA,hongjiacheng,,,SMC(DO-214AB),,26089,$0.1081,SMT,2
C19077604,Preferred,SMCJ24A,hongjiacheng,,,SMC(DO-214AB),-55℃~+150℃ 1.5kW@10/1000us 1uA 24V 29.5V 38.6A@10/1000us 38.9V IEC 61000-4-2 TVS Unidirectional SMC(DO-214AB) ESD and Su,61342,$0.0945,SMT,2
C19077606,Preferred,SMCJ28CA,hongjiacheng,,,SMC(DO-214AB),,21780,$0.1110,SMT,2
C19077607,Preferred,SMCJ30CA,hongjiacheng,,,SMC(DO-214AB),,44646,$0.1068,SMT,2
C19077608,Preferred,SMCJ33CA,hongjiacheng,,,SMC(DO-214AB),-55℃~+150℃ 1.5kW@10/1000us 1uA 28.2A@10/1000us 33V 40.6V 53.3V Bidirectional IEC 61000-4-2 TVS SMC(DO-214AB) ESD and Sur,8782,$0.1076,SMT,2
C19077609,Preferred,SMCJ36CA,hongjiacheng,,,SMC(DO-214AB),,186842,$0.1124,SMT,2
C19077610,Preferred,SMCJ40CA,hongjiacheng,,,SMC(DO-214AB),-55℃~+150℃ 1.5kW@10/1000us 1uA 23.3A@10/1000us 40V 49.1V 64.5V Bidirectional IEC 61000-4-2 TVS SMC(DO-214AB) ESD and Sur,23350,$0.1022,SMT,2
C19077611,Preferred,SMCJ48A,hongjiacheng,,,SMC(DO-214AB),-55℃~+150℃ 1.5kW@10/1000us 19.4A 1uA 48V 58.9V 77.4V IEC 61000-4-2 TVS Unidirectional SMC(DO-214AB) ESD and Surge Protec,4671,$0.1039,SMT,2
C19077502,Preferred,SMF7.0CA,hongjiacheng,,,SOD-123FL,,168480,$0.0256,SMT,15
C19077503,Preferred,SMF7.5CA,hongjiacheng,,,SOD-123FL,-55℃~+150℃ 12.9V 15.5A@10/1000us 200W@10/1000us 50uA 7.5V 9.21V Bidirectional IEC 61000-4-2 TVS SOD-123FL ESD and Surge ,8306,$0.0259,SMT,15
C19077504,Preferred,SMF9.0CA,hongjiacheng,,,SOD-123FL,,54586,$0.0264,SMT,15
C19077505,Preferred,SMF10CA,hongjiacheng,,,SOD-123FL,-55℃~+150℃ 10V 11.8A@10/1000us 12.3V 17V 2.5uA 200W@10/1000us Bidirectional IEC 61000-4-2 TVS SOD-123FL ESD and Surge Pr,32634,$0.0246,SMT,15
C19077506,Preferred,SMF12A,hongjiacheng,,,SOD-123FL,-55℃~+150℃ 10.1A@10/1000us 12V 14.7V 19.9V 2.5uA 200W@10/1000us IEC 61000-4-2 TVS Unidirectional SOD-123FL ESD and Surge,182932,$0.0258,SMT,15
C19077507,Preferred,SMF12CA,hongjiacheng,,,SOD-123FL,,482477,$0.0244,SMT,15
C19077508,Preferred,SMF13CA,hongjiacheng,,,SOD-123FL,,279544,$0.0255,SMT,15
C19077512,Preferred,SMF18A,hongjiacheng,,,SOD-123FL,-55℃~+150℃ 18V 1uA 200W@10/1000us 22.1V 29.2V 6.8A@10/1000us IEC 61000-4-2 TVS Unidirectional SOD-123FL ESD and Surge Pr,90789,$0.0243,SMT,15
C19077515,Preferred,SMF24CA,hongjiacheng,,,SOD-123FL,,196375,$0.0241,SMT,15
C19077516,Preferred,SMF26CA,hongjiacheng,,,SOD-123FL,-55℃~+150℃ 1uA 200W@10/1000us 26V 31.9V 4.8A@10/1000us 42.1V Bidirectional IEC 61000-4-2 TVS SOD-123FL ESD and Surge Pro,374435,$0.0253,SMT,15
C19077517,Preferred,SMF28CA,hongjiacheng,,,SOD-123FL,,606731,$0.0262,SMT,15
C19077519,Preferred,SMF30CA,hongjiacheng,,,SOD-123FL,-55℃~+150℃ 1uA 200W@10/1000us 30V 36.8V 4.1A@10/1000us 48.4V Bidirectional IEC 61000-4-2 TVS SOD-123FL ESD and Surge Pro,86583,$0.0239,SMT,15
C19077520,Preferred,SMF33CA,hongjiacheng,,,SOD-123FL,-55℃~+150℃ 1uA 200W@10/1000us 3.8A@10/1000us 33V 40.6V 53.3V Bidirectional IEC 61000-4-2 TVS SOD-123FL ESD and Surge Pro,174673,$0.0241,SMT,15
C19077521,Preferred,SMF36CA,hongjiacheng,,,SOD-123FL,-55℃~+150℃ 1uA 200W@10/1000us 3.4A@10/1000us 36V 44.2V 58.1V Bidirectional IEC 61000-4-2 TVS SOD-123FL ESD and Surge Pro,114082,$0.0246,SMT,15
C19077496,Preferred,SMF3.3CA,hongjiacheng,,,SOD-123FL,-55℃~+150℃ 200W@10/1000us 27.4A@10/1000us 3.3V 5.3V 500uA 7.3V Bidirectional IEC 61000-4-2 TVS SOD-123FL ESD and Surge P,34823,$0.0391,SMT,15
C20615802,Preferred,H3V3SD3B,hongjiacheng,,,SOD-323,-55℃~+155℃ 19V 1pF 20A@8/20us 3.3V 380W@8/20us 500nA 8V Bidirectional ESD IEC 61000-4-2、IEC 61000-4-5 SOD-323 ESD and Su,71564,$0.0336,SMT,5
C20615803,Preferred,H4V5HD3B,hongjiacheng,,,SOD-323,-55℃~+125℃ 100pF 10V 200nA 4.5V 400W@8/20us 40A@8/20us 7V Bidirectional ESD IEC 61000-4-2、IEC 61000-4-5 SOD-323 ESD and ,1862,$0.0280,SMT,20
C20615805,Preferred,H5VLD3B,hongjiacheng,,,SOD-323,-55℃~+125℃ 12V 15pF 50nA 5V 6V 8A@8/20us 95W@8/20us Bidirectional ESD IEC 61000-4-2、IEC 61000-4-5 SOD-323 ESD and Surge ,1805,$0.0176,SMT,20
C20615806,Preferred,H5VSD3B,hongjiacheng,,,SOD-323,-55℃~+155℃ 1.5pF 200nA 20V 25A@8/20us 500W@8/20us 5V 9V Bidirectional ESD IEC 61000-4-2、IEC 61000-4-5 SOD-323 ESD and Su,44710,$0.0366,SMT,20
C20615807,Preferred,H7VHD3UA,hongjiacheng,,,SOD-323,-55℃~+125℃ 130A@8/20us 1uA 2.34kW@8/20us 500pF 7V 9.5V、18V 9V ESD IEC 61000-4-2、IEC 61000-4-5 Unidirectional SOD-323 ESD,189678,$0.0418,SMT,5
C20615809,Preferred,H8VSD3B,hongjiacheng,,,SOD-323,-55℃~+125℃ 10V 13V、25V 1pF 20A@8/20us 2uA 500W@8/20us 8V Bidirectional ESD IEC 61000-4-2、IEC 61000-4-5 SOD-323 ESD and S,62965,$0.0359,SMT,5
C20615810,Preferred,H12VHD3UA,hongjiacheng,,,SOD-323,-55℃~+125℃ 100A@8/20us 12V 16V 2.5kW@8/20us 25V 350pF 500nA ESD IEC 61000-4-2、IEC 61000-4-5 Unidirectional SOD-323 ESD a,20871,$0.0265,SMT,5
C20615811,Preferred,H12VSD3B,hongjiacheng,,,SOD-323,-55℃~+125℃ 1.5pF 12V 16.5V 1uA 20A@8/20us 20V、28V、32V 640W@8/20us Bidirectional ESD IEC 61000-4-2、IEC 61000-4-5 SOD-323 ,164900,$0.0338,SMT,5
C20615812,Preferred,H15VHD3U,hongjiacheng,,,SOD-323,-55℃~+125℃ 120A@8/20us 15V 19.3V 1uA 300pF 36V 4.32kW@8/20us ESD IEC 61000-4-2、IEC 61000-4-5 Unidirectional SOD-323 ESD ,100,$0.0360,SMT,5
C20615813,Preferred,H15VND3B,hongjiacheng,,,SOD-323,-55℃~+125℃ 15V 200nA 20V 304W@8/20us 30pF 38V 8A@8/20us Bidirectional ESD IEC 61000-4-2、IEC 61000-4-5 SOD-323 ESD and Su,68615,$0.0296,SMT,20
C20615814,Preferred,H15VSD3B,hongjiacheng,,,SOD-323,-55℃~+125℃ 1.5pF 12A@8/20us 15V 19.5V 1uA 32V 385W@8/20us Bidirectional ESD IEC 61000-4-2、IEC 61000-4-5 SOD-323 ESD and ,4477,$0.0370,SMT,5
C20615815,Preferred,H24VND3BA,hongjiacheng,,,SOD-323,-55℃~+155℃ 1uA 24V 30pF 31V 350W@8/20us 50V 7A@8/20us Bidirectional ESD IEC 61000-4-2、IEC 61000-4-5 SOD-323 ESD and Surg,8194,$0.0277,SMT,20
C20615816,Preferred,H36VND3B,hongjiacheng,,,SOD-323,-55℃~+125℃ 1uA 20pF 325W@8/20us 36V 45V 5A@8/20us 65V Bidirectional ESD IEC 61000-4-2、IEC 61000-4-5 SOD-323 ESD and Surg,96604,$0.0279,SMT,20
C20617915,Preferred,H3V3HD3B,hongjiacheng,,,SOD-323,-55℃~+155℃ 100pF 17V 25A@8/20us 3.3V 375W@8/20us 500nA 8V Bidirectional ESD IEC 61000-4-2、IEC 61000-4-5 SOD-323 ESD and ,23710,$0.0241,SMT,20
C20617916,Preferred,H4V5HD3U,hongjiacheng,,,SOD-323,-55℃~+125℃ 185A@8/20us 2.775kW@8/20us 200nA 4.5V 600pF 7V 7V、15V ESD IEC 61000-4-2、IEC 61000-4-5 Unidirectional SOD-323 ,86009,$0.0483,SMT,5
C20617917,Preferred,H5VHD3UA,hongjiacheng,,,SOD-323,-55℃~+125℃ 130A@8/20us 16V 1uA 2.08kW@8/20us 5V 850pF 9V ESD IEC 61000-4-2、IEC 61000-4-5 Unidirectional SOD-323 ESD and ,3408,$0.0412,SMT,5
C20617918,Preferred,H5VHD3U,hongjiacheng,,,SOD-323,-55℃~+125℃ 14V 185pF 200nA 25A@8/20us 350W@8/20us 5V 9V ESD IEC 61000-4-2、IEC 61000-4-5 Unidirectional SOD-323 ESD and S,43619,$0.0199,SMT,20
C20617919,Preferred,H12VHD3U,hongjiacheng,,,SOD-323,-55℃~+125℃ 1.26kW@8/20us 12V 15V 200nA 35A@8/20us 36V 85pF ESD IEC 61000-4-2、IEC 61000-4-5 Unidirectional SOD-323 ESD an,34854,$0.0122,SMT,20
C20617920,Preferred,H12VND3B,hongjiacheng,,,SOD-323,-55℃~+155℃ 1.26kW@8/20us 12V 16.5V 1uA 35A@8/20us 36V 50pF Bidirectional ESD IEC 61000-4-2、IEC 61000-4-5 SOD-323 ESD and,60315,$0.0206,SMT,20
C20615817,Preferred,H3V3LD5B,hongjiacheng,,,SOD-523,-55℃~+125℃ 100W@8/20us 12.5pF 12V 200nA 3.3V 6.5V 8A@8/20us Bidirectional ESD IEC 61000-4-2、IEC 61000-4-5 SOD-523 ESD an,485217,$0.0151,SMT,20
C20615818,Preferred,H5VND5B,hongjiacheng,,,SOD-523,-55℃~+155℃ 120W@8/20us 15V 200nA 20pF 5V 8A@8/20us 8V Bidirectional ESD IEC 61000-4-2、IEC 61000-4-5 SOD-523 ESD and Surg,171271,$0.0157,SMT,20
C20615819,Preferred,H5VND5UB,hongjiacheng,,,SOD-523,-55℃~+125℃ 165W@8/20us 18.6V 1uA 5V 6A@8/20us 6V 80pF ESD IEC 61000-4-2、IEC 61000-4-5 Unidirectional SOD-523 ESD and Sur,6546,$0.0146,SMT,20
C20615820,Preferred,H5VUD5BB,hongjiacheng,,,SOD-523,-55℃~+125℃ 0.3pF 10V 125W@8/20us 200nA 25V 5A@8/20us 5V Bidirectional ESD IEC 61000-4-2、IEC 61000-4-5 SOD-523 ESD and Su,212441,$0.0316,SMT,20
C20615821,Preferred,H7VND5U,hongjiacheng,,,SOD-523,-55℃~+125℃ 175W@8/20us 1uA 22V 65pF 7V 8A@8/20us 9.5V ESD IEC 61000-4-2、IEC 61000-4-5 Unidirectional SOD-523 ESD and Sur,23202,$0.0134,SMT,20
C20615822,Preferred,H36VND5U,hongjiacheng,,,SOD-523,-55℃~+125℃ 200nA 260W@8/20us 30pF 36V 45V 4A@8/20us 65V ESD IEC 61000-4-2、IEC 61000-4-5 Unidirectional SOD-523 ESD and S,19576,$0.0194,SMT,20
C20617921,Preferred,H5VUD5U,hongjiacheng,,,SOD-523,-55℃~+125℃ 0.8pF 15V 200nA 5A@8/20us 5V 75W@8/20us 9V ESD IEC 61000-4-2、IEC 61000-4-5 Unidirectional SOD-523 ESD and Sur,2713,$0.0188,SMT,20
C20617922,Preferred,H12VND5U,hongjiacheng,,,SOD-523,100nA 12V 15A@8/20us 16V 24V 360W@8/20us 90pF ESD IEC 61000-4-2、IEC 61000-4-5 Unidirectional SOD-523 ESD and Surge Prote,164730,$0.0194,SMT,20
C20615823,Preferred,H5VHT2U,hongjiacheng,,,SOT-23,-55℃~+125℃ 14V 180pF 200nA 25A@8/20us 350W@8/20us 5V 9V ESD IEC 61000-4-2、IEC 61000-4-5 Unidirectional SOT-23 ESD and Su,10962,$0.0271,SMT,10
C20615824,Preferred,H5VUT2U,hongjiacheng,,,SOT-23,-55℃~+125℃ 0.3pF、0.6pF 16V 200nA 5A@8/20us 5V 80W@8/20us 9V ESD IEC 61000-4-2、IEC 61000-4-5 Unidirectional SOT-23 ESD an,40882,$0.0280,SMT,10
C20615825,Preferred,H8VNT2B,hongjiacheng,,,SOT-23,-55℃~+125℃ 12V 1uA 20A@8/20us 25V 500W@8/20us 60pF 8V Bidirectional ESD IEC 61000-4-2、IEC 61000-4-5 SOT-23 ESD and Surge,62762,$0.0403,SMT,5
C20615826,Preferred,H12VNT2U,hongjiacheng,,,SOT-23,-55℃~+125℃ 1.26kW@8/20us 12V 16V 1uA 35A@8/20us 36V 60pF ESD IEC 61000-4-2、IEC 61000-4-5 Unidirectional SOT-23 ESD and S,14795,$0.0172,SMT,10
C20615827,Preferred,H24VNT2B,hongjiacheng,,,SOT-23,-55℃~+125℃ 1uA 24V 30V 36pF 385W@8/20us 55V 7A@8/20us Bidirectional ESD IEC 61000-4-2、IEC 61000-4-5 SOT-23 ESD and Surge,18806,$0.0418,SMT,5
C20617923,Preferred,H3V3HT2B,hongjiacheng,,,SOT-23,-55℃~+125℃ 100pF 15V 1uA 25A@8/20us 3.3V 350W@8/20us 7V Bidirectional ESD IEC 61000-4-2、IEC 61000-4-5 SOT-23 ESD and Sur,43917,$0.0262,SMT,5
C20617925,Preferred,H5VNT2B,hongjiacheng,,,SOT-23,-55℃~+125℃ 100nA 12V 20pF 5V 8A@8/20us 8V 95W@8/20us Bidirectional ESD IEC 61000-4-2、IEC 61000-4-5 SOT-23 ESD and Surge ,119431,$0.0299,SMT,10
C20617926,Preferred,H5VHT2B,hongjiacheng,,,SOT-23,-55℃~+125℃ 16.7V 185pF 200nA 25A@8/20us 415W@8/20us 5V 8V Bidirectional ESD IEC 61000-4-2、IEC 61000-4-5 SOT-23 ESD and S,5864,$0.0428,SMT,5
C20617927,Preferred,H12VNT2B,hongjiacheng,,,SOT-23,-55℃~+125℃ 1.26kW@8/20us 12V 16.5V 1uA 35A@8/20us 36V 60pF Bidirectional ESD IEC 61000-4-2、IEC 61000-4-5 SOT-23 ESD and ,5070,$0.0351,SMT,5
C20617928,Preferred,H15VNT2B,hongjiacheng,,,SOT-23,-55℃~+125℃ 15V 19V 200nA 25pF 300W@8/20us 38.5V 8A@8/20us Bidirectional ESD IEC 61000-4-2、IEC 61000-4-5 SOT-23 ESD and S,12021,$0.0427,SMT,5
C20615829,Preferred,SRV05-4A,hongjiacheng,,,SOT-23-6L,-55℃~+155℃ 0.5pF、1pF 15V 4A@8/20us 5V 5uA 6V 80W@8/20us ESD IEC 61000-4-2、IEC 61000-4-5 Unidirectional SOT-23-6L ESD and,44549,$0.0289,SMT,5
C20615830,Preferred,H5VUT3UA,hongjiacheng,,,SOT-363,-55℃~+125℃ 0.4pF、0.8pF 15V 500nA 5A@8/20us 5V 6V 75W@8/20us ESD IEC 61000-4-2、IEC 61000-4-5 Unidirectional SOT-363 ESD a,17345,$0.0612,SMT,5
C7420323,Preferred,2SA812,hongjiacheng,,,SOT-23,,31600,$0.0093,SMT,10
C7420324,Preferred,2SC1623,hongjiacheng,,,SOT-23,,56729,$0.0102,SMT,10
C28646266,Preferred,2SC3356,hongjiacheng,,,SOT-23,,18742,$0.0268,SMT,10
C28646275,Preferred,FMMT493,hongjiacheng,,,SOT-23,,63341,$0.0418,SMT,5
C28646267,Preferred,2SC4672,hongjiacheng,,,SOT-89,,9373,$0.0547,SMT,5
C28646276,Preferred,2SC2884,hongjiacheng,,,SOT-89,,5051,$0.0316,SMT,5
C7420347,Preferred,HL2310A,hongjiacheng,,,SOT-23,,43884,$0.0351,SMT,5
C22469449,Preferred,HL3401,hongjiacheng,,,SOT-23,,179476,$0.0307,SMT,10
C28646261,Preferred,HL2305,hongjiacheng,,,SOT-23,,35556,$0.0361,SMT,10
C28646262,Preferred,HL2306,hongjiacheng,,,SOT-23,,17485,$0.0197,SMT,10
C28646264,Preferred,HL6042,hongjiacheng,,,SOT-23,,509419,$0.0357,SMT,10
C28646268,Preferred,HL2302,hongjiacheng,,,SOT-23,,56031,$0.0207,SMT,10
C28646270,Preferred,HL3415A,hongjiacheng,,,SOT-23,,49872,$0.0363,SMT,5
C28646271,Preferred,HL3402,hongjiacheng,,,SOT-23,,2800,$0.0356,SMT,5
C28646273,Preferred,HL3416,hongjiacheng,,,SOT-23,,7524,$0.0446,SMT,5
C28646274,Preferred,HL2307,hongjiacheng,,,SOT-23,,75398,$0.0313,SMT,5
C28646265,Preferred,BSS138W,hongjiacheng,,,SOT-323,,483815,$0.0204,SMT,10
C20069125,Preferred,S8050,hongjiacheng,,,SOT-23,-55℃~+150℃ 1 NPN 100MHz 100nA 120 25V 300mW 500mA 5V 600mV NPN SOT-23 Bipolar (BJT) ROHS,1322651,$0.0087,SMT,10
C20069126,Preferred,S8550,hongjiacheng,,,SOT-23,-55℃~+150℃ 1 PNP 100nA 120 150MHz 25V 300mW 500mA 500mV 5V PNP SOT-23 Bipolar (BJT) ROHS,681339,$0.0093,SMT,10
C20069127,Preferred,S9013,hongjiacheng,,,SOT-23,-55℃~+150℃ 1 NPN 100nA 120 150MHz 25V 300mW 500mA 5V 600mV NPN SOT-23 Bipolar (BJT) ROHS,148977,$0.0116,SMT,10
C20069129,Preferred,S9012,hongjiacheng,,,SOT-23,-55℃~+150℃ 1 PNP 100nA 120 150MHz 25V 300mW 500mA 5V 600mV PNP SOT-23 Bipolar (BJT) ROHS,451636,$0.0115,SMT,10
C20069130,Preferred,S9014,hongjiacheng,,,SOT-23,-55℃~+150℃ 1 NPN 100mA 100nA 150MHz 200 200mW 300mV 45V 5V NPN SOT-23 Bipolar (BJT) ROHS,903960,$0.0093,SMT,10
C20069131,Preferred,S9015,hongjiacheng,,,SOT-23,-55℃~+150℃ 1 PNP 100mA 100nA 150MHz 200 200mW 300mV 45V 5V PNP SOT-23 Bipolar (BJT) ROHS,58350,$0.0090,SMT,10
C20069132,Preferred,BC817-16,hongjiacheng,,,SOT-23,-55℃~+150℃ 1 NPN 100 100MHz 100nA 300mW 45V 500mA 5V 700mV NPN SOT-23 Bipolar (BJT) ROHS,22914,$0.0173,SMT,10
C20069134,Preferred,BC846B,hongjiacheng,,,SOT-23,-55℃~+150℃ 1 NPN 100MHz 100mA 100nA 200 200mW 500mV 65V 6V NPN SOT-23 Bipolar (BJT) ROHS,27742,$0.0107,SMT,10
C20069135,Preferred,BC847B,hongjiacheng,,,SOT-23,-55℃~+150℃ 1 NPN 100MHz 100mA 100nA 200 200mW 45V 500mV 6V NPN SOT-23 Bipolar (BJT) ROHS,53931,$0.0108,SMT,10
C20069136,Preferred,BC856B,hongjiacheng,,,SOT-23,-55℃~+150℃ 1 PNP 100MHz 100mA 100nA 200mW 220 500mV 5V 65V PNP SOT-23 Bipolar (BJT) ROHS,2565,$0.0108,SMT,10
C20069137,Preferred,BC857C,hongjiacheng,,,SOT-23,-55℃~+150℃ 1 PNP 100MHz 100mA 100nA 200mW 420 45V 500mV 5V PNP SOT-23 Bipolar (BJT) ROHS,66513,$0.0090,SMT,10
C20069138,Preferred,MMBTA42,hongjiacheng,,,SOT-23,-55℃~+150℃ 1 NPN 100 100nA 200mV 300V 350mW 500mA 50MHz 5V NPN SOT-23 Bipolar (BJT) ROHS,67024,$0.0249,SMT,10
C20069139,Preferred,MMBTA06,hongjiacheng,,,SOT-23,1 NPN 100 100MHz 100nA 200mV 300mW 4V 500mA 80V NPN SOT-23 Bipolar (BJT) ROHS,33077,$0.0236,SMT,10
C20069140,Preferred,MMBT4403,hongjiacheng,,,SOT-23,-55℃~+150℃ 1 PNP 100 100nA 200MHz 300mW 400mV 40V 5V 600mA PNP SOT-23 Bipolar (BJT) ROHS,35861,$0.0130,SMT,10
C20069141,Preferred,MMBTA44,hongjiacheng,,,SOT-23,-55℃~+150℃ 1 NPN 100nA 200mA 200mV 350mW 400V 50 50MHz 6V NPN SOT-23 Bipolar (BJT) ROHS,3149,$0.0434,SMT,5
C20069142,Preferred,BC807-40,hongjiacheng,,,SOT-23,-55℃~+150℃ 1 PNP 100MHz 100nA 300mW 40 45V 500mA 5V 700mV PNP SOT-23 Bipolar (BJT) ROHS,154280,$0.0190,SMT,10
C20069143,Preferred,2SC1815,hongjiacheng,,,SOT-23,-55℃~+150℃ 1 NPN 100nA 130 150mA 200mW 250mV 50V 5V 80MHz NPN SOT-23 Bipolar (BJT) ROHS,437810,$0.0097,SMT,10
C20069146,Preferred,MMBTA92,hongjiacheng,,,SOT-23,-55℃~+150℃ 1 PNP 100nA 200mV 300V 350mW 500mA 50MHz 5V 60 PNP SOT-23 Bipolar (BJT) ROHS,81810,$0.0261,SMT,10
C20069147,Preferred,MMBTA56,hongjiacheng,,,SOT-23,-55℃~+150℃ 1 PNP 100 100nA 225mW 250mV 4V 500mA 50MHz 80V PNP SOT-23 Bipolar (BJT) ROHS,38111,$0.0256,SMT,10
C20069154,Preferred,BC817-25,hongjiacheng,,,SOT-23,-55℃~+150℃ 1 NPN 100 100MHz 100nA 300mW 45V 500mA 5V 700mV NPN SOT-23 Bipolar (BJT) ROHS,32688,$0.0184,SMT,10
C20069128,Preferred,D882,hongjiacheng,,,SOT-89,-55℃~+150℃ 1 NPN 1uA 30V 3A 500mV 500mW 50MHz 60 6V NPN SOT-89 Bipolar (BJT) ROHS,11517,$0.0606,SMT,5
C20069133,Preferred,BCX56-16,hongjiacheng,,,SOT-89,-55℃~+150℃ 1 NPN 100nA 130MHz 1A 40 500mV 500mW 5V 80V NPN SOT-89 Bipolar (BJT) ROHS,49093,$0.0596,SMT,5
C20069144,Preferred,2SA1213,hongjiacheng,,,SOT-89,-55℃~+150℃ 1 PNP 100nA 120MHz 2A 500mV 500mW 50V 5V 70 PNP SOT-89 Bipolar (BJT) ROHS,3718,$0.0593,SMT,5
C20069145,Preferred,2SC2873,hongjiacheng,,,SOT-89,-55℃~+150℃ 1 NPN 100nA 120MHz 2A 500mV 500mW 50V 5V 70 NPN SOT-89 Bipolar (BJT) ROHS,15791,$0.0606,SMT,5
C20069148,Preferred,2SK3018,hongjiacheng,,,SOT-23,-55℃~+150℃ 1 N-channel 1.5V 100mA 13pF 200mW 30V 4pF 8Ω@4V、13Ω@2.5V 9pF N-Channel SOT-23 MOSFETs ROHS,119703,$0.0216,SMT,10
C20069151,Preferred,FDV301N,hongjiacheng,,,SOT-23,-55℃~+150℃ 1 N-channel 1.3pF 220mA 25V 350mW 490pC@4.5V 4Ω@4.5V、5Ω@2.7V 6pF 800mV 9.5pF N-Channel SOT-23 MOSFETs ROHS,51920,$0.0396,SMT,5
C22379475,Preferred,2N7002K,hongjiacheng,,,SOT-23,-55℃~+150℃ 1 N-channel 1.3V 10pF 340mA 350mW 40pF 60V 900mΩ@10V、1.1Ω@4.5V N-Channel SOT-23 MOSFETs ROHS,493312,$0.0147,SMT,10
C20069150,Preferred,HJ8205,hongjiacheng,,,SOT-23-6L,-55℃~+150℃ 1.25W 138pF 164pF 1V 2 N-Channel 20V 30mΩ@4V、46mΩ@2.5V 4.3A 550pF 6.2nC@4.5V N-Channel SOT-23-6L MOSFETs ROHS,63201,$0.0464,SMT,5
C20069149,Preferred,2SK3018W,hongjiacheng,,,SOT-323,-55℃~+150℃ 1 N-channel 1.5V 100mA 13pF 200mW 30V 4pF 8Ω@4V、13Ω@2.5V 9pF N-Channel SOT-323 MOSFETs ROHS,174390,$0.0230,SMT,10
C1527,Preferred,0402B151K500NT,FH(Guangdong Fenghua Advanced Tech),Capacitors,Multilayer Ceramic Capacitors MLCC - SMD/SMT,0402,150pF 50V X7R ±10% 0402 Multilayer Ceramic Capacitors MLCC - SMD/SMT ROHS,234707,$0.0010,SMT,20
C1531,Preferred,0402B222K500NT,FH(Guangdong Fenghua Advanced Tech),Capacitors,Multilayer Ceramic Capacitors MLCC - SMD/SMT,0402,2.2nF 50V X7R ±10% 0402 Multilayer Ceramic Capacitors MLCC - SMD/SMT ROHS,804486,$0.0011,SMT,20
C1537,Preferred,0402B471K500NT,FH(Guangdong Fenghua Advanced Tech),Capacitors,Multilayer Ceramic Capacitors MLCC - SMD/SMT,0402,470pF 50V X7R ±10% 0402 Multilayer Ceramic Capacitors MLCC - SMD/SMT ROHS,521947,$0.0011,SMT,20
C1542,Preferred,0402B682K500NT,FH(Guangdong Fenghua Advanced Tech),Capacitors,Multilayer Ceramic Capacitors MLCC - SMD/SMT,0402,50V 6.8nF X7R ±10% 0402 Multilayer Ceramic Capacitors MLCC - SMD/SMT ROHS,128063,$0.0011,SMT,20
C1550,Preferred,0402CG1R0C500NT,FH(Guangdong Fenghua Advanced Tech),Capacitors,Multilayer Ceramic Capacitors MLCC - SMD/SMT,0402,1pF 50V C0G 0402 Multilayer Ceramic Capacitors MLCC - SMD/SMT ROHS,253701,$0.0011,SMT,20
C1552,Preferred,0402CG1R5C500NT,FH(Guangdong Fenghua Advanced Tech),Capacitors,Multilayer Ceramic Capacitors MLCC - SMD/SMT,0402,1.5pF 50V C0G 0402 Multilayer Ceramic Capacitors MLCC - SMD/SMT ROHS,207342,$0.0011,SMT,20
C1557,Preferred,0402CG270J500NT,FH(Guangdong Fenghua Advanced Tech),Capacitors,Multilayer Ceramic Capacitors MLCC - SMD/SMT,0402,27pF 50V C0G ±5% 0402 Multilayer Ceramic Capacitors MLCC - SMD/SMT ROHS,64524,$0.0012,SMT,20
C1559,Preferred,0402CG2R2C500NT,FH(Guangdong Fenghua Advanced Tech),Capacitors,Multilayer Ceramic Capacitors MLCC - SMD/SMT,0402,2.2pF 50V C0G 0402 Multilayer Ceramic Capacitors MLCC - SMD/SMT ROHS,193839,$0.0011,SMT,20
C1561,Preferred,0402CG2R7C500NT,FH(Guangdong Fenghua Advanced Tech),Capacitors,Multilayer Ceramic Capacitors MLCC - SMD/SMT,0402,2.7pF 50V C0G 0402 Multilayer Ceramic Capacitors MLCC - SMD/SMT ROHS,20219,$0.0011,SMT,20
C1565,Preferred,0402CG3R3C500NT,FH(Guangdong Fenghua Advanced Tech),Capacitors,Multilayer Ceramic Capacitors MLCC - SMD/SMT,0402,3.3pF 50V C0G 0402 Multilayer Ceramic Capacitors MLCC - SMD/SMT ROHS,179536,$0.0010,SMT,20
C1569,Preferred,0402CG4R7C500NT,FH(Guangdong Fenghua Advanced Tech),Capacitors,Multilayer Ceramic Capacitors MLCC - SMD/SMT,0402,4.7pF 50V C0G 0402 Multilayer Ceramic Capacitors MLCC - SMD/SMT ROHS,844963,$0.0011,SMT,20
C1570,Preferred,0402CG300J500NT,FH(Guangdong Fenghua Advanced Tech),Capacitors,Multilayer Ceramic Capacitors MLCC - SMD/SMT,0402,30pF 50V C0G ±5% 0402 Multilayer Ceramic Capacitors MLCC - SMD/SMT ROHS,423834,$0.0011,SMT,20
C1576,Preferred,0402CG6R8C500NT,FH(Guangdong Fenghua Advanced Tech),Capacitors,Multilayer Ceramic Capacitors MLCC - SMD/SMT,0402,50V 6.8pF C0G 0402 Multilayer Ceramic Capacitors MLCC - SMD/SMT ROHS,295042,$0.0011,SMT,20
C13533,Preferred,CL05C331JB5NNNC,Samsung Electro-Mechanics,Capacitors,Multilayer Ceramic Capacitors MLCC - SMD/SMT,0402,330pF 50V C0G ±5% 0402 Multilayer Ceramic Capacitors MLCC - SMD/SMT ROHS,436182,$0.0028,SMT,20
C14441,Preferred,CL05C680JB5NNNC,Samsung Electro-Mechanics,Capacitors,Multilayer Ceramic Capacitors MLCC - SMD/SMT,0402,50V 68pF C0G ±5% 0402 Multilayer Ceramic Capacitors MLCC - SMD/SMT ROHS,83539,$0.0043,SMT,20
C26404,Preferred,CL05B332KB5NNNC,Samsung Electro-Mechanics,Capacitors,Multilayer Ceramic Capacitors MLCC - SMD/SMT,0402,3.3nF 50V X7R ±10% 0402 Multilayer Ceramic Capacitors MLCC - SMD/SMT ROHS,256975,$0.0031,SMT,20
C47339,Preferred,CL05A474KP5NNNC,Samsung Electro-Mechanics,Capacitors,Multilayer Ceramic Capacitors MLCC - SMD/SMT,0402,10V 470nF X5R ±10% 0402 Multilayer Ceramic Capacitors MLCC - SMD/SMT ROHS,867282,$0.0050,SMT,20
C1595,Preferred,0603B152K500NT,FH(Guangdong Fenghua Advanced Tech),Capacitors,Multilayer Ceramic Capacitors MLCC - SMD/SMT,0603,1.5nF 50V X7R ±10% 0603 Multilayer Ceramic Capacitors MLCC - SMD/SMT ROHS,135618,$0.0027,SMT,20
C1596,Preferred,0603B153K500NT,FH(Guangdong Fenghua Advanced Tech),Capacitors,Multilayer Ceramic Capacitors MLCC - SMD/SMT,0603,15nF 50V X7R ±10% 0603 Multilayer Ceramic Capacitors MLCC - SMD/SMT ROHS,75253,$0.0043,SMT,20
C1600,Preferred,0603B201K500NT,FH(Guangdong Fenghua Advanced Tech),Capacitors,Multilayer Ceramic Capacitors MLCC - SMD/SMT,0603,200pF 50V X7R ±10% 0603 Multilayer Ceramic Capacitors MLCC - SMD/SMT ROHS,74734,$0.0040,SMT,20
C1609,Preferred,0603B272K500NT,FH(Guangdong Fenghua Advanced Tech),Capacitors,Multilayer Ceramic Capacitors MLCC - SMD/SMT,0603,2.7nF 50V X7R ±10% 0603 Multilayer Ceramic Capacitors MLCC - SMD/SMT ROHS,62951,$0.0030,SMT,20
C1615,Preferred,0603B334K250NT,FH(Guangdong Fenghua Advanced Tech),Capacitors,Multilayer Ceramic Capacitors MLCC - SMD/SMT,0603,25V 330nF X7R ±10% 0603 Multilayer Ceramic Capacitors MLCC - SMD/SMT ROHS,86265,$0.0120,SMT,20
C1630,Preferred,0603B681K500NT,FH(Guangdong Fenghua Advanced Tech),Capacitors,Multilayer Ceramic Capacitors MLCC - SMD/SMT,0603,50V 680pF X7R ±10% 0603 Multilayer Ceramic Capacitors MLCC - SMD/SMT ROHS,355735,$0.0029,SMT,20
C1669,Preferred,0603CG4R7C500NT,FH(Guangdong Fenghua Advanced Tech),Capacitors,Multilayer Ceramic Capacitors MLCC - SMD/SMT,0603,4.7pF 50V C0G 0603 Multilayer Ceramic Capacitors MLCC - SMD/SMT ROHS,290476,$0.0031,SMT,20
C1679,Preferred,0603CG6R8C500NT,FH(Guangdong Fenghua Advanced Tech),Capacitors,Multilayer Ceramic Capacitors MLCC - SMD/SMT,0603,50V 6.8pF C0G 0603 Multilayer Ceramic Capacitors MLCC - SMD/SMT ROHS,1445998,$0.0016,SMT,20
C1685,Preferred,0603CG8R2C500NT,FH(Guangdong Fenghua Advanced Tech),Capacitors,Multilayer Ceramic Capacitors MLCC - SMD/SMT,0603,50V 8.2pF C0G 0603 Multilayer Ceramic Capacitors MLCC - SMD/SMT ROHS,90100,$0.0031,SMT,20
C28262,Preferred,CL10C680JB8NNNC,Samsung Electro-Mechanics,Capacitors,Multilayer Ceramic Capacitors MLCC - SMD/SMT,0603,50V 68pF C0G ±5% 0603 Multilayer Ceramic Capacitors MLCC - SMD/SMT ROHS,284332,$0.0040,SMT,20
C31658,Preferred,CL10B683KB8NNNC,Samsung Electro-Mechanics,Capacitors,Multilayer Ceramic Capacitors MLCC - SMD/SMT,0603,50V 68nF X7R ±10% 0603 Multilayer Ceramic Capacitors MLCC - SMD/SMT ROHS,198926,$0.0085,SMT,20
C37474,Preferred,0603CG6R0C500NT,FH(Guangdong Fenghua Advanced Tech),Capacitors,Multilayer Ceramic Capacitors MLCC - SMD/SMT,0603,50V 6pF C0G 0603 Multilayer Ceramic Capacitors MLCC - SMD/SMT ROHS,336361,$0.0031,SMT,20
C39148,Preferred,CL10C560JB8NNNC,Samsung Electro-Mechanics,Capacitors,Multilayer Ceramic Capacitors MLCC - SMD/SMT,0603,50V 56pF C0G ±5% 0603 Multilayer Ceramic Capacitors MLCC - SMD/SMT ROHS,34381,$0.0097,SMT,20
C46219,Preferred,0603CG3R0C500NT,FH(Guangdong Fenghua Advanced Tech),Capacitors,Multilayer Ceramic Capacitors MLCC - SMD/SMT,0603,3pF 50V C0G 0603 Multilayer Ceramic Capacitors MLCC - SMD/SMT ROHS,219986,$0.0028,SMT,20
C107045,Preferred,CC0603JRNPO9BN270,YAGEO,Capacitors,Multilayer Ceramic Capacitors MLCC - SMD/SMT,0603,27pF 50V NP0 ±5% 0603 Multilayer Ceramic Capacitors MLCC - SMD/SMT ROHS,771571,$0.0029,SMT,20
C1716,Preferred,0805B151K500NT,FH(Guangdong Fenghua Advanced Tech),Capacitors,Multilayer Ceramic Capacitors MLCC - SMD/SMT,0805,150pF 50V X7R ±10% 0805 Multilayer Ceramic Capacitors MLCC - SMD/SMT ROHS,83790,$0.0045,SMT,20
C1717,Preferred,0805B152K500NT,FH(Guangdong Fenghua Advanced Tech),Capacitors,Multilayer Ceramic Capacitors MLCC - SMD/SMT,0805,1.5nF 50V X7R ±10% 0805 Multilayer Ceramic Capacitors MLCC - SMD/SMT ROHS,62443,$0.0051,SMT,20
C1740,Preferred,0805B334K500NT,FH(Guangdong Fenghua Advanced Tech),Capacitors,Multilayer Ceramic Capacitors MLCC - SMD/SMT,0805,330nF 50V X7R ±10% 0805 Multilayer Ceramic Capacitors MLCC - SMD/SMT ROHS,131619,$0.0120,SMT,20
C1755,Preferred,0805B682K500NT,FH(Guangdong Fenghua Advanced Tech),Capacitors,Multilayer Ceramic Capacitors MLCC - SMD/SMT,0805,50V 6.8nF X7R ±10% 0805 Multilayer Ceramic Capacitors MLCC - SMD/SMT ROHS,138017,$0.0050,SMT,20
C1792,Preferred,0805CG120J500NT,FH(Guangdong Fenghua Advanced Tech),Capacitors,Multilayer Ceramic Capacitors MLCC - SMD/SMT,0805,12pF 50V C0G ±5% 0805 Multilayer Ceramic Capacitors MLCC - SMD/SMT ROHS,201396,$0.0046,SMT,20
C1797,Preferred,0805CG180J500NT,FH(Guangdong Fenghua Advanced Tech),Capacitors,Multilayer Ceramic Capacitors MLCC - SMD/SMT,0805,18pF 50V C0G ±5% 0805 Multilayer Ceramic Capacitors MLCC - SMD/SMT ROHS,39688,$0.0041,SMT,20
C107110,Preferred,CC0805JRNPO9BN150,YAGEO,Capacitors,Multilayer Ceramic Capacitors MLCC - SMD/SMT,0805,15pF 50V NP0 ±5% 0805 Multilayer Ceramic Capacitors MLCC - SMD/SMT ROHS,91287,$0.0058,SMT,20
C107114,Preferred,CC0805JRNPO9BN300,YAGEO,Capacitors,Multilayer Ceramic Capacitors MLCC - SMD/SMT,0805,30pF 50V NP0 ±5% 0805 Multilayer Ceramic Capacitors MLCC - SMD/SMT ROHS,26242,$0.0069,SMT,20
C107115,Preferred,CC0805JRNPO9BN330,YAGEO,Capacitors,Multilayer Ceramic Capacitors MLCC - SMD/SMT,0805,33pF 50V NP0 ±5% 0805 Multilayer Ceramic Capacitors MLCC - SMD/SMT ROHS,408690,$0.0060,SMT,20
C1857,Preferred,1206B224K500NT,FH(Guangdong Fenghua Advanced Tech),Capacitors,Multilayer Ceramic Capacitors MLCC - SMD/SMT,1206,220nF 50V X7R ±10% 1206 Multilayer Ceramic Capacitors MLCC - SMD/SMT ROHS,56150,$0.0212,SMT,15
C5672,Preferred,CL31A226KPHNNNE,Samsung Electro-Mechanics,Capacitors,Multilayer Ceramic Capacitors MLCC - SMD/SMT,1206,10V 22uF X5R ±10% 1206 Multilayer Ceramic Capacitors MLCC - SMD/SMT ROHS,353992,$0.0397,SMT,5
C35216,Preferred,CL31B102KGFNNNE,Samsung Electro-Mechanics,Capacitors,Multilayer Ceramic Capacitors MLCC - SMD/SMT,1206,1nF 500V X7R ±10% 1206 Multilayer Ceramic Capacitors MLCC - SMD/SMT ROHS,892,$0.0373,SMT,5
C22395515,Preferred,H12VS06B,hongjiacheng,Circuit Protection,ESD and Surge Protection (TVS/ESD),DFN0603-2L,,11965,$0.0181,SMT,20
C22395519,Preferred,H5VU10U,hongjiacheng,Circuit Protection,ESD and Surge Protection (TVS/ESD),DFN1006-2L,,12133,$0.0153,SMT,20
C42413893,Preferred,H5VL10BH,hongjiacheng,Circuit Protection,ESD and Surge Protection (TVS/ESD),DFN1006-2L,,20675,$0.0206,SMT,5
C41376097,Preferred,SMBJ14CA,hongjiacheng,Circuit Protection,ESD and Surge Protection (TVS/ESD),DO-214AA(SMB),,7423,$0.0446,SMT,5
C41376098,Preferred,SMBJ43CA,hongjiacheng,Circuit Protection,ESD and Surge Protection (TVS/ESD),DO-214AA(SMB),,4745,$0.0424,SMT,5
C41376099,Preferred,SMBJ64CA,hongjiacheng,Circuit Protection,ESD and Surge Protection (TVS/ESD),DO-214AA(SMB),,31616,$0.0424,SMT,5
C41376100,Preferred,SMBJ8.0CA,hongjiacheng,Circuit Protection,ESD and Surge Protection (TVS/ESD),DO-214AA(SMB),,16200,$0.0332,SMT,5
C41376101,Preferred,SMBJ51CA,hongjiacheng,Circuit Protection,ESD and Surge Protection (TVS/ESD),DO-214AA(SMB),,10080,$0.0304,SMT,5
C41376102,Preferred,SMBJ58A,hongjiacheng,Circuit Protection,ESD and Surge Protection (TVS/ESD),DO-214AA(SMB),,49157,$0.0464,SMT,5
C41376398,Preferred,SMBJ90CA,hongjiacheng,Circuit Protection,ESD and Surge Protection (TVS/ESD),DO-214AA(SMB),,14682,$0.0424,SMT,5
C41376098,Preferred,SMBJ43CA,hongjiacheng,Circuit Protection,ESD and Surge Protection (TVS/ESD),DO-214AA(SMB),,4745,$0.0424,SMT,0
C41376104,Preferred,SMBJ170A,hongjiacheng,Circuit Protection,ESD and Surge Protection (TVS/ESD),DO-214AA(SMB),,3002,$0.0424,SMT,5
C19077566,Preferred,SMBJ12CA,hongjiacheng,Circuit Protection,ESD and Surge Protection (TVS/ESD),DO-214AA(SMB),,257719,$0.0439,SMT,5
C19077589,Preferred,SMBJ36CA,hongjiacheng,Circuit Protection,ESD and Surge Protection (TVS/ESD),DO-214AA(SMB),,25501,$0.0397,SMT,5
C19077579,Preferred,SMBJ24CA,hongjiacheng,Circuit Protection,ESD and Surge Protection (TVS/ESD),DO-214AA(SMB),,145375,$0.0459,SMT,5
C19077579,Preferred,SMBJ24CA,hongjiacheng,Circuit Protection,ESD and Surge Protection (TVS/ESD),DO-214AA(SMB),,145375,$0.0459,SMT,5
C19077561,Preferred,SMBJ6.0CA,hongjiacheng,Circuit Protection,ESD and Surge Protection (TVS/ESD),DO-214AA(SMB),,261519,$0.0391,SMT,5
C19077561,Preferred,SMBJ6.0CA,hongjiacheng,Circuit Protection,ESD and Surge Protection (TVS/ESD),DO-214AA(SMB),,261519,$0.0391,SMT,5
C19077558,Preferred,SMBJ5.0A,hongjiacheng,Circuit Protection,ESD and Surge Protection (TVS/ESD),DO-214AA(SMB),,295546,$0.0396,SMT,5
C19077584,Preferred,SMBJ30A,hongjiacheng,Circuit Protection,ESD and Surge Protection (TVS/ESD),DO-214AA(SMB),,104244,$0.0404,SMT,5
C19077585,Preferred,SMBJ30CA,hongjiacheng,Circuit Protection,ESD and Surge Protection (TVS/ESD),DO-214AA(SMB),,504824,$0.0406,SMT,5
C19077581,Preferred,SMBJ26CA,hongjiacheng,Circuit Protection,ESD and Surge Protection (TVS/ESD),DO-214AA(SMB),,122210,$0.0433,SMT,5
C19077591,Preferred,SMBJ48CA,hongjiacheng,Circuit Protection,ESD and Surge Protection (TVS/ESD),DO-214AA(SMB),,20160,$0.0425,SMT,5
C19077596,Preferred,P6SMB6.8CA,hongjiacheng,Circuit Protection,ESD and Surge Protection (TVS/ESD),DO-214AA(SMB),,275943,$0.0384,SMT,5
C19077596,Preferred,P6SMB6.8CA,hongjiacheng,Circuit Protection,ESD and Surge Protection (TVS/ESD),DO-214AA(SMB),,275943,$0.0384,THT,5
C42394457,Preferred,5.0SMDJ85CA,hongjiacheng,Circuit Protection,ESD and Surge Protection (TVS/ESD),DO-214AB(SMC),,2394,$0.3837,SMT,2
C41376399,Preferred,SMAJ33A,hongjiacheng,Circuit Protection,ESD and Surge Protection (TVS/ESD),DO-214AC(SMA),,24998,$0.0253,SMT,5
C41376400,Preferred,SMAJ43CA,hongjiacheng,Circuit Protection,ESD and Surge Protection (TVS/ESD),DO-214AC(SMA),,42037,$0.0243,SMT,5
C41376401,Preferred,SMAJ48A,hongjiacheng,Circuit Protection,ESD and Surge Protection (TVS/ESD),DO-214AC(SMA),,21262,$0.0243,SMT,5
C41376402,Preferred,SMAJ43A,hongjiacheng,Circuit Protection,ESD and Surge Protection (TVS/ESD),DO-214AC(SMA),,49357,$0.0249,SMT,5
C41376403,Preferred,SMAJ22A,hongjiacheng,Circuit Protection,ESD and Surge Protection (TVS/ESD),DO-214AC(SMA),,158916,$0.0348,SMT,5
C41376404,Preferred,SMAJ51CA,hongjiacheng,Circuit Protection,ESD and Surge Protection (TVS/ESD),DO-214AC(SMA),,14496,$0.0243,SMT,5
C41376405,Preferred,SMAJ16A,hongjiacheng,Circuit Protection,ESD and Surge Protection (TVS/ESD),DO-214AC(SMA),,4583,$0.0361,SMT,5
C41376406,Preferred,SMAJ14A,hongjiacheng,Circuit Protection,ESD and Surge Protection (TVS/ESD),DO-214AC(SMA),,16425,$0.0339,SMT,5
C41376407,Preferred,SMAJ10A,hongjiacheng,Circuit Protection,ESD and Surge Protection (TVS/ESD),DO-214AC(SMA),,1700,$0.0339,SMT,5
C41376408,Preferred,SMAJ20A,hongjiacheng,Circuit Protection,ESD and Surge Protection (TVS/ESD),DO-214AC(SMA),,43370,$0.0350,SMT,5
C41376409,Preferred,SMAJ200A,hongjiacheng,Circuit Protection,ESD and Surge Protection (TVS/ESD),DO-214AC(SMA),,59791,$0.0339,SMT,5
C19077543,Preferred,SMAJ26A,hongjiacheng,Circuit Protection,ESD and Surge Protection (TVS/ESD),DO-214AC(SMA),,168460,$0.0330,SMT,15
C19077536,Preferred,SMAJ15CA,hongjiacheng,Circuit Protection,ESD and Surge Protection (TVS/ESD),DO-214AC(SMA),,474782,$0.0366,SMT,5
C41411781,Preferred,SMAJ150A,hongjiacheng,Circuit Protection,ESD and Surge Protection (TVS/ESD),DO-214AC(SMA),,18234,$0.0237,SMT,5
C42394394,Preferred,P4SMA6.8A,hongjiacheng,Circuit Protection,ESD and Surge Protection (TVS/ESD),DO-214AC(SMA),,9322,$0.0323,SMT,5
C42394395,Preferred,SMAJ7.0A,hongjiacheng,Circuit Protection,ESD and Surge Protection (TVS/ESD),DO-214AC(SMA),,8110,$0.0308,SMT,5
C42394396,Preferred,SMAJ14CA,hongjiacheng,Circuit Protection,ESD and Surge Protection (TVS/ESD),DO-214AC(SMA),,14462,$0.0333,SMT,5
C42394397,Preferred,SMAJ22CA,hongjiacheng,Circuit Protection,ESD and Surge Protection (TVS/ESD),DO-214AC(SMA),,138,$0.0326,SMT,5
C42394398,Preferred,SMAJ60A,hongjiacheng,Circuit Protection,ESD and Surge Protection (TVS/ESD),DO-214AC(SMA),,50540,$0.0326,SMT,5
C42394399,Preferred,SMAJ60CA,hongjiacheng,Circuit Protection,ESD and Surge Protection (TVS/ESD),DO-214AC(SMA),,1634,$0.0326,SMT,5
C42394400,Preferred,SMAJ64A,hongjiacheng,Circuit Protection,ESD and Surge Protection (TVS/ESD),DO-214AC(SMA),,59604,$0.0407,SMT,5
C42394401,Preferred,SMAJ85CA,hongjiacheng,Circuit Protection,ESD and Surge Protection (TVS/ESD),DO-214AC(SMA),,1920,$0.0326,SMT,5
C42394402,Preferred,SMAJ90CA,hongjiacheng,Circuit Protection,ESD and Surge Protection (TVS/ESD),DO-214AC(SMA),,30179,$0.0342,SMT,5
C42394403,Preferred,SMAJ90A,hongjiacheng,Circuit Protection,ESD and Surge Protection (TVS/ESD),DO-214AC(SMA),,42728,$0.0290,SMT,5
C42394406,Preferred,SMAJ300CA,hongjiacheng,Circuit Protection,ESD and Surge Protection (TVS/ESD),DO-214AC(SMA),,367,$0.0544,SMT,5
C42394399,Preferred,SMAJ60CA,hongjiacheng,Circuit Protection,ESD and Surge Protection (TVS/ESD),DO-214AC(SMA),,1634,$0.0326,SMT,2
C19077531,Preferred,SMAJ12A,hongjiacheng,Circuit Protection,ESD and Surge Protection (TVS/ESD),DO-214AC(SMA),,58214,$0.0319,SMT,5
C19077545,Preferred,SMAJ28A,hongjiacheng,Circuit Protection,ESD and Surge Protection (TVS/ESD),DO-214AC(SMA),,17278,$0.0298,SMT,5
C19077526,Preferred,SMAJ6.0CA,hongjiacheng,Circuit Protection,ESD and Surge Protection (TVS/ESD),DO-214AC(SMA),,200570,$0.0363,SMT,5
C19077526,Preferred,SMAJ6.0CA,hongjiacheng,Circuit Protection,ESD and Surge Protection (TVS/ESD),DO-214AC(SMA),,200570,$0.0363,SMT,5
C19077551,Preferred,SMAJ36CA,hongjiacheng,Circuit Protection,ESD and Surge Protection (TVS/ESD),DO-214AC(SMA),,7,$0.0333,SMT,5
C19077551,Preferred,SMAJ36CA,hongjiacheng,Circuit Protection,ESD and Surge Protection (TVS/ESD),DO-214AC(SMA),,7,$0.0333,SMT,15
C19077523,Preferred,SMAJ5.0A,hongjiacheng,Circuit Protection,ESD and Surge Protection (TVS/ESD),DO-214AC(SMA),,94384,$0.0359,SMT,5
C19077527,Preferred,SMAJ6.5CA,hongjiacheng,Circuit Protection,ESD and Surge Protection (TVS/ESD),DO-214AC(SMA),,6983,$0.0344,SMT,5
C19077538,Preferred,SMAJ18A,hongjiacheng,Circuit Protection,ESD and Surge Protection (TVS/ESD),DO-214AC(SMA),,30425,$0.0298,SMT,15
C19077542,Preferred,SMAJ24CA,hongjiacheng,Circuit Protection,ESD and Surge Protection (TVS/ESD),DO-214AC(SMA),,2107,$0.0347,SMT,5
C19077544,Preferred,SMAJ26CA,hongjiacheng,Circuit Protection,ESD and Surge Protection (TVS/ESD),DO-214AC(SMA),,60778,$0.0271,SMT,5
C19077547,Preferred,SMAJ30A,hongjiacheng,Circuit Protection,ESD and Surge Protection (TVS/ESD),DO-214AC(SMA),,38174,$0.0348,SMT,5
C19077550,Preferred,SMAJ36A,hongjiacheng,Circuit Protection,ESD and Surge Protection (TVS/ESD),DO-214AC(SMA),,22442,$0.0335,SMT,5
C19077550,Preferred,SMAJ36A,hongjiacheng,Circuit Protection,ESD and Surge Protection (TVS/ESD),DO-214AC(SMA),,22442,$0.0335,THT,5
C42394408,Preferred,P6SMB7.5A,hongjiacheng,Circuit Protection,ESD and Surge Protection (TVS/ESD),SMB,,4300,$0.0464,SMT,5
C42394410,Preferred,P6SMB39A,hongjiacheng,Circuit Protection,ESD and Surge Protection (TVS/ESD),SMB,,13693,$0.0424,SMT,5
C42394412,Preferred,P6SMB200A,hongjiacheng,Circuit Protection,ESD and Surge Protection (TVS/ESD),SMB,,17844,$0.0407,SMT,5
C42371743,Preferred,SMBJ150CA,hongjiacheng,Circuit Protection,ESD and Surge Protection (TVS/ESD),SMB(DO-214AA),,9240,$0.0437,SMT,5
C42371745,Preferred,SMBJ150A,hongjiacheng,Circuit Protection,ESD and Surge Protection (TVS/ESD),SMB(DO-214AA),,3002,$0.0444,SMT,5
C42394417,Preferred,SMBJ400CA,hongjiacheng,Circuit Protection,ESD and Surge Protection (TVS/ESD),SMB(DO-214AA),,9830,$0.0822,SMT,5
C42371745,Preferred,SMBJ150A,hongjiacheng,Circuit Protection,ESD and Surge Protection (TVS/ESD),SMB(DO-214AA),,3002,$0.0444,SMT,2
C19077605,Preferred,SMCJ26CA,hongjiacheng,Circuit Protection,ESD and Surge Protection (TVS/ESD),SMC(DO-214AB),,80391,$0.1132,SMT,2
C41411747,Preferred,SMCJ24CA,hongjiacheng,Circuit Protection,ESD and Surge Protection (TVS/ESD),SMC(DO-214AB),,11179,$0.1111,SMT,2
C41411748,Preferred,SMCJ12CA,hongjiacheng,Circuit Protection,ESD and Surge Protection (TVS/ESD),SMC(DO-214AB),,113,$0.1025,SMT,2
C41411750,Preferred,SMCJ45CA,hongjiacheng,Circuit Protection,ESD and Surge Protection (TVS/ESD),SMC(DO-214AB),,4043,$0.0954,SMT,2
C41411752,Preferred,SMCJ5.0CA,hongjiacheng,Circuit Protection,ESD and Surge Protection (TVS/ESD),SMC(DO-214AB),,8,$0.1001,SMT,2
C41411753,Preferred,SMCJ18CA,hongjiacheng,Circuit Protection,ESD and Surge Protection (TVS/ESD),SMC(DO-214AB),,25741,$0.1003,SMT,2
C41411754,Preferred,SMCJ20CA,hongjiacheng,Circuit Protection,ESD and Surge Protection (TVS/ESD),SMC(DO-214AB),,4760,$0.0932,SMT,2
C41411756,Preferred,SMCJ60CA,hongjiacheng,Circuit Protection,ESD and Surge Protection (TVS/ESD),SMC(DO-214AB),,13541,$0.0945,SMT,2
C41411764,Preferred,SMCJ16CA,hongjiacheng,Circuit Protection,ESD and Surge Protection (TVS/ESD),SMC(DO-214AB),,2679,$0.0890,SMT,2
C41411766,Preferred,SMCJ7.0CA,hongjiacheng,Circuit Protection,ESD and Surge Protection (TVS/ESD),SMC(DO-214AB),,1065,$0.1018,SMT,2
C41376094,Preferred,SMCJ6.0CA,hongjiacheng,Circuit Protection,ESD and Surge Protection (TVS/ESD),SMC(DO-214AB),,11074,$0.1021,SMT,2
C41411744,Preferred,SMCJ100CA,hongjiacheng,Circuit Protection,ESD and Surge Protection (TVS/ESD),SMC(DO-214AB),,14569,$0.1059,SMT,2
C41411745,Preferred,SMCJ43CA,hongjiacheng,Circuit Protection,ESD and Surge Protection (TVS/ESD),SMC(DO-214AB),,19668,$0.0993,SMT,2
C41411746,Preferred,SMCJ70CA,hongjiacheng,Circuit Protection,ESD and Surge Protection (TVS/ESD),SMC(DO-214AB),,17548,$0.0947,SMT,2
C41411749,Preferred,SMCJ64CA,hongjiacheng,Circuit Protection,ESD and Surge Protection (TVS/ESD),SMC(DO-214AB),,1937,$0.0933,SMT,2
C41411751,Preferred,SMCJ51CA,hongjiacheng,Circuit Protection,ESD and Surge Protection (TVS/ESD),SMC(DO-214AB),,4490,$0.0898,SMT,2
C41411755,Preferred,SMCJ75CA,hongjiacheng,Circuit Protection,ESD and Surge Protection (TVS/ESD),SMC(DO-214AB),,9293,$0.0935,SMT,2
C41411757,Preferred,SMCJ150CA,hongjiacheng,Circuit Protection,ESD and Surge Protection (TVS/ESD),SMC(DO-214AB),,20923,$0.0684,SMT,2
C41411758,Preferred,SMCJ6.5CA,hongjiacheng,Circuit Protection,ESD and Surge Protection (TVS/ESD),SMC(DO-214AB),,9941,$0.1070,SMT,2
C41411759,Preferred,SMCJ22CA,hongjiacheng,Circuit Protection,ESD and Surge Protection (TVS/ESD),SMC(DO-214AB),,236,$0.0939,SMT,2
C41411760,Preferred,SMCJ10CA,hongjiacheng,Circuit Protection,ESD and Surge Protection (TVS/ESD),SMC(DO-214AB),,3857,$0.1003,SMT,2
C41411761,Preferred,SMCJ54CA,hongjiacheng,Circuit Protection,ESD and Surge Protection (TVS/ESD),SMC(DO-214AB),,7697,$0.0975,SMT,2
C41411763,Preferred,SMCJ13CA,hongjiacheng,Circuit Protection,ESD and Surge Protection (TVS/ESD),SMC(DO-214AB),,3954,$0.0612,SMT,2
C41411765,Preferred,SMCJ48CA,hongjiacheng,Circuit Protection,ESD and Surge Protection (TVS/ESD),SMC(DO-214AB),,8925,$0.0687,SMT,2
C42371538,Preferred,SMCJ28A,hongjiacheng,Circuit Protection,ESD and Surge Protection (TVS/ESD),SMC(DO-214AB),,184,$0.0936,SMT,2
C42371542,Preferred,SMCJ100A,hongjiacheng,Circuit Protection,ESD and Surge Protection (TVS/ESD),SMC(DO-214AB),,36091,$0.1065,SMT,2
C42371543,Preferred,SMCJ78A,hongjiacheng,Circuit Protection,ESD and Surge Protection (TVS/ESD),SMC(DO-214AB),,14442,$0.0967,SMT,2
C42371544,Preferred,SMCJ22A,hongjiacheng,Circuit Protection,ESD and Surge Protection (TVS/ESD),SMC(DO-214AB),,853,$0.0920,SMT,2
C42371545,Preferred,SMCJ26A,hongjiacheng,Circuit Protection,ESD and Surge Protection (TVS/ESD),SMC(DO-214AB),,10178,$0.0967,SMT,2
C42371547,Preferred,SMCJ58A,hongjiacheng,Circuit Protection,ESD and Surge Protection (TVS/ESD),SMC(DO-214AB),,30074,$0.1036,SMT,2
C42371548,Preferred,SMCJ33A,hongjiacheng,Circuit Protection,ESD and Surge Protection (TVS/ESD),SMC(DO-214AB),,4886,$0.0967,SMT,2
C42371549,Preferred,SMCJ51A,hongjiacheng,Circuit Protection,ESD and Surge Protection (TVS/ESD),SMC(DO-214AB),,17745,$0.1025,SMT,2
C42371550,Preferred,SMCJ15A,hongjiacheng,Circuit Protection,ESD and Surge Protection (TVS/ESD),SMC(DO-214AB),,1736,$0.0870,SMT,2
C42371551,Preferred,SMDJ64CA,hongjiacheng,Circuit Protection,ESD and Surge Protection (TVS/ESD),SMC(DO-214AB),,5425,$0.1756,SMT,2
C42371552,Preferred,SMDJ30CA,hongjiacheng,Circuit Protection,ESD and Surge Protection (TVS/ESD),SMC(DO-214AB),,35225,$0.1953,SMT,2
C42371555,Preferred,SMDJ33CA,hongjiacheng,Circuit Protection,ESD and Surge Protection (TVS/ESD),SMC(DO-214AB),,4638,$0.1441,SMT,2
C42371556,Preferred,SMDJ36CA,hongjiacheng,Circuit Protection,ESD and Surge Protection (TVS/ESD),SMC(DO-214AB),,13315,$0.1773,SMT,2
C42371557,Preferred,SMDJ40CA,hongjiacheng,Circuit Protection,ESD and Surge Protection (TVS/ESD),SMC(DO-214AB),,5587,$0.2027,SMT,2
C42371558,Preferred,SMDJ85CA,hongjiacheng,Circuit Protection,ESD and Surge Protection (TVS/ESD),SMC(DO-214AB),,4870,$0.1292,SMT,2
C42371716,Preferred,SMDJ26CA,hongjiacheng,Circuit Protection,ESD and Surge Protection (TVS/ESD),SMC(DO-214AB),,68569,$0.2016,SMT,2
C42371719,Preferred,SMDJ45CA,hongjiacheng,Circuit Protection,ESD and Surge Protection (TVS/ESD),SMC(DO-214AB),,2137,$0.1453,SMT,2
C42371721,Preferred,SMDJ28A,hongjiacheng,Circuit Protection,ESD and Surge Protection (TVS/ESD),SMC(DO-214AB),,8267,$0.2086,SMT,2
C42371722,Preferred,SMDJ24CA,hongjiacheng,Circuit Protection,ESD and Surge Protection (TVS/ESD),SMC(DO-214AB),,23348,$0.2041,SMT,2
C42371723,Preferred,SMDJ16A,hongjiacheng,Circuit Protection,ESD and Surge Protection (TVS/ESD),SMC(DO-214AB),,2574,$0.1273,SMT,2
C42371724,Preferred,SMDJ58A,hongjiacheng,Circuit Protection,ESD and Surge Protection (TVS/ESD),SMC(DO-214AB),,1437,$0.1861,SMT,2
C42371725,Preferred,SMDJ15CA,hongjiacheng,Circuit Protection,ESD and Surge Protection (TVS/ESD),SMC(DO-214AB),,5760,$0.1913,SMT,2
C42371727,Preferred,5.0SMDJ28CA,hongjiacheng,Circuit Protection,ESD and Surge Protection (TVS/ESD),SMC(DO-214AB),,12715,$0.3763,SMT,2
C42371730,Preferred,5.0SMDJ30CA,hongjiacheng,Circuit Protection,ESD and Surge Protection (TVS/ESD),SMC(DO-214AB),,4801,$0.3911,SMT,2
C42394420,Preferred,SMCJ6.0A,hongjiacheng,Circuit Protection,ESD and Surge Protection (TVS/ESD),SMC(DO-214AB),,4596,$0.1040,SMT,2
C42394428,Preferred,SMCJ85CA,hongjiacheng,Circuit Protection,ESD and Surge Protection (TVS/ESD),SMC(DO-214AB),,2430,$0.1356,SMT,2
C42394438,Preferred,SMDJ60CA,hongjiacheng,Circuit Protection,ESD and Surge Protection (TVS/ESD),SMC(DO-214AB),,7458,$0.1683,SMT,2
C41411758,Preferred,SMCJ6.5CA,hongjiacheng,Circuit Protection,ESD and Surge Protection (TVS/ESD),SMC(DO-214AB),,9941,$0.1070,SMT,2
C42394438,Preferred,SMDJ60CA,hongjiacheng,Circuit Protection,ESD and Surge Protection (TVS/ESD),SMC(DO-214AB),,7458,$0.1683,SMT,2
C19077514,Preferred,SMF24A,hongjiacheng,Circuit Protection,ESD and Surge Protection (TVS/ESD),SOD-123FL,,400715,$0.0262,SMT,15
C19077518,Preferred,SMF30A,hongjiacheng,Circuit Protection,ESD and Surge Protection (TVS/ESD),SOD-123FL,,665417,$0.0258,SMT,15
C41376087,Preferred,SMF13A,hongjiacheng,Circuit Protection,ESD and Surge Protection (TVS/ESD),SOD-123FL,,62475,$0.0233,SMT,15
C41411783,Preferred,SMF14CA,hongjiacheng,Circuit Protection,ESD and Surge Protection (TVS/ESD),SOD-123FL,,51078,$0.0249,SMT,15
C41376086,Preferred,SMF36A,hongjiacheng,Circuit Protection,ESD and Surge Protection (TVS/ESD),SOD-123FL,,28599,$0.0247,SMT,15
C41376088,Preferred,SMF7.0A,hongjiacheng,Circuit Protection,ESD and Surge Protection (TVS/ESD),SOD-123FL,,30253,$0.0233,SMT,15
C19077510,Preferred,SMF15CA,hongjiacheng,Circuit Protection,ESD and Surge Protection (TVS/ESD),SOD-123FL,,3396665,$0.0249,SMT,15
C41376089,Preferred,SMF6.5A,hongjiacheng,Circuit Protection,ESD and Surge Protection (TVS/ESD),SOD-123FL,,53043,$0.0239,SMT,15
C41376090,Preferred,SMF26A,hongjiacheng,Circuit Protection,ESD and Surge Protection (TVS/ESD),SOD-123FL,,191400,$0.0244,SMT,15
C41376091,Preferred,SMF28A,hongjiacheng,Circuit Protection,ESD and Surge Protection (TVS/ESD),SOD-123FL,,26597,$0.0250,SMT,15
C41376092,Preferred,SMF60CA,hongjiacheng,Circuit Protection,ESD and Surge Protection (TVS/ESD),SOD-123FL,,45857,$0.0256,SMT,15
C41411782,Preferred,SMF20A,hongjiacheng,Circuit Protection,ESD and Surge Protection (TVS/ESD),SOD-123FL,,36732,$0.0244,SMT,15
C42371747,Preferred,SMF20CA,hongjiacheng,Circuit Protection,ESD and Surge Protection (TVS/ESD),SOD-123FL,,43979,$0.0236,SMT,15
C42371749,Preferred,SMF40CA,hongjiacheng,Circuit Protection,ESD and Surge Protection (TVS/ESD),SOD-123FL,,23,$0.0218,SMT,15
C42371750,Preferred,SMF7.5A,hongjiacheng,Circuit Protection,ESD and Surge Protection (TVS/ESD),SOD-123FL,,17411,$0.0267,SMT,15
C42371752,Preferred,SMF150CA,hongjiacheng,Circuit Protection,ESD and Surge Protection (TVS/ESD),SOD-123FL,,6959,$0.0228,SMT,15
C42371753,Preferred,SMF58CA,hongjiacheng,Circuit Protection,ESD and Surge Protection (TVS/ESD),SOD-123FL,,54877,$0.0228,SMT,15
C42371754,Preferred,SMF48A,hongjiacheng,Circuit Protection,ESD and Surge Protection (TVS/ESD),SOD-123FL,,16674,$0.0228,SMT,15
C19077509,Preferred,SMF15A,hongjiacheng,Circuit Protection,ESD and Surge Protection (TVS/ESD),SOD-123FL,,166110,$0.0246,SMT,15
C19077500,Preferred,SMF6.0CA,hongjiacheng,Circuit Protection,ESD and Surge Protection (TVS/ESD),SOD-123FL,,591281,$0.0280,SMT,15
C19077511,Preferred,SMF16CA,hongjiacheng,Circuit Protection,ESD and Surge Protection (TVS/ESD),SOD-123FL,,9145,$0.0230,SMT,15
C42413887,Preferred,H36VND3U,hongjiacheng,Circuit Protection,ESD and Surge Protection (TVS/ESD),SOD-323,,3681,$0.0301,SMT,5
C42413899,Preferred,H5VND5BA,hongjiacheng,Circuit Protection,ESD and Surge Protection (TVS/ESD),SOD-523,,10412,$0.0290,SMT,5
C42413902,Preferred,SM08,hongjiacheng,Circuit Protection,ESD and Surge Protection (TVS/ESD),SOT-23,,14330,$0.0290,SMT,10
C42413903,Preferred,SM12,hongjiacheng,Circuit Protection,ESD and Surge Protection (TVS/ESD),SOT-23,,6448,$0.0287,SMT,5
C42413904,Preferred,SM18,hongjiacheng,Circuit Protection,ESD and Surge Protection (TVS/ESD),SOT-23,,900,$0.0290,SMT,5
C42413905,Preferred,SM24,hongjiacheng,Circuit Protection,ESD and Surge Protection (TVS/ESD),SOT-23,,5981,$0.0286,SMT,5
C42413906,Preferred,SM36,hongjiacheng,Circuit Protection,ESD and Surge Protection (TVS/ESD),SOT-23,,10772,$0.0290,SMT,10
C7420374,Preferred,H5VU25U,hongjiacheng,Circuit Protection,ESD and Surge Protection (TVS/ESD),DFN2510-10L,14V 1uA 4A 56W 5V 6V Four channels TVS Unidirectional DFN2510-10L ESD and Surge Protection (TVS/ESD) ROHS,67408,$0.0319,SMT,20
C3019524,Preferred,P6SMAJ33CA,Liown,Circuit Protection,ESD and Surge Protection (TVS/ESD),DO-214AC(SMA),-55℃~+150℃ 11.3A 1uA 33V 40.6V 53.3V 600W@10/1000us Bidirectional IEC 61000-4-2 TVS DO-214AC(SMA) ESD and Surge Protecti,5509,$0.0501,SMT,5
C5125145,Preferred,5KP6.5CA,Liown,Circuit Protection,ESD and Surge Protection (TVS/ESD),P600,-55℃~+150℃ 11.2V 1mA 455.4A@10/1000us 5kW@10/1000us 6.5V 7.98V Bidirectional IEC 61000-4-2 TVS P600 ESD and Surge Protec,267,$0.6370,THT,2
C2990124,Preferred,SMCJ6.5CA,Liown,Circuit Protection,ESD and Surge Protection (TVS/ESD),SMC(DO-214AB),-55℃~+150℃ 1.5kW 11.2V 134A 500uA 6.5V 7.22V Bidirectional IEC 61000-4-2 TVS SMC(DO-214AB) ESD and Surge Protection (TVS,4174,$0.1241,SMT,2
C2990414,Preferred,5.0SMDJ64CA,Liown,Circuit Protection,ESD and Surge Protection (TVS/ESD),SMC(DO-214AB),-55℃~+150℃ 103V 2uA 48.6A 5kW 64V 71.1V Bidirectional IEC 61000-4-2 TVS SMC(DO-214AB) ESD and Surge Protection (TVS/ESD),7555,$0.3446,SMT,2
C2990416,Preferred,5.0SMDJ75CA,Liown,Circuit Protection,ESD and Surge Protection (TVS/ESD),SMC(DO-214AB),-55℃~+150℃ 121V 2uA 41.4A 5kW 75V 83.3V Bidirectional IEC 61000-4-2 TVS SMC(DO-214AB) ESD and Surge Protection (TVS/ESD),8981,$0.3302,SMT,2
C2990473,Preferred,SMF6.0CA,Liown,Circuit Protection,ESD and Surge Protection (TVS/ESD),SOD-123FL,-55℃~+150℃ 10.3V 19.4A 200W 400uA 6.67V 6V Bidirectional IEC 61000-4-2 TVS SOD-123FL ESD and Surge Protection (TVS/ESD) ,183141,$0.0321,SMT,15
C2990493,Preferred,SMF30CA,Liown,Circuit Protection,ESD and Surge Protection (TVS/ESD),SOD-123FL,1kW@8/20us 1uA 30V 36.8V 4.2A@10/1000us 48.4V Bidirectional IEC 61000-4-2 TVS SOD-123FL ESD and Surge Protection (TVS/ES,91623,$0.0271,SMT,15
C6952,Preferred,"TJA1050T/CM,118",NXP Semicon,Communication Interface Chip/UART/485/232,CAN ICs,SOP-8,1Mbps 4.75V~5.25V 50mA CAN Transceiver SOP-8 CAN Transceivers ROHS,77788,$1.0237,SMT,1
C7063,Preferred,SN75176BDR,Texas Instruments,Communication Interface Chip/UART/485/232,RS-485/RS-422 ICs,SOIC-8,0℃~+70℃ 1 1 4.75V~5.25V Transceiver SOIC-8 RS-485 / RS-422 ICs ROHS,39950,$0.0927,SMT,1
C112574,Preferred,X5032110592MSB2GI,Yangxing Tech,"Crystals, Oscillators, Resonators",Crystals,SMD5032-2P,-40℃~+85℃ 11.0592MHz 20pF Crystal Oscillator ±10ppm ±20ppm SMD5032-2P Crystals ROHS,12869,$0.2701,SMT,5
C42406051,Preferred,ABS10,hongjiacheng,Diodes,Bridge Rectifiers,ABS,,12525,$0.0244,SMT,5
C42406052,Preferred,ABS210,hongjiacheng,Diodes,Bridge Rectifiers,ABS,,287892,$0.0314,SMT,5
C42406052,Preferred,ABS210,hongjiacheng,Diodes,Bridge Rectifiers,ABS,,287892,$0.0314,SMT,5
C5377,Preferred,DB107S,MDD（Microdiode Electronics）,Diodes,Bridge Rectifiers,DBS,-55℃~+150℃ 1.1V@1A 10uA@1kV 1A 1kV 30A Single-Phase Rectifier DBS Bridge Rectifiers ROHS,183866,$0.0514,SMT,5
C42406055,Preferred,GBJ5008,hongjiacheng,Diodes,Bridge Rectifiers,GBJ,,225,$0.7793,THT,1
C42406056,Preferred,GBJ1510,hongjiacheng,Diodes,Bridge Rectifiers,GBJ,,1495,$0.3422,THT,2
C42406057,Preferred,GBJ5010,hongjiacheng,Diodes,Bridge Rectifiers,GBJ,,3024,$0.5615,THT,1
C42406058,Preferred,GBJL1508A,hongjiacheng,Diodes,Bridge Rectifiers,GBJ,,151,$0.9867,THT,1
C42406059,Preferred,GBJL1508,hongjiacheng,Diodes,Bridge Rectifiers,GBJ,,316,$0.7985,THT,1
C42406060,Preferred,GBJ3510,hongjiacheng,Diodes,Bridge Rectifiers,GBJ,,3076,$0.5378,THT,2
C42406061,Preferred,GBJ2510A,hongjiacheng,Diodes,Bridge Rectifiers,GBJ,,2765,$0.5526,THT,2
C42406062,Preferred,GBJ2506A,hongjiacheng,Diodes,Bridge Rectifiers,GBJ,,1364,$0.5496,THT,2
C42406063,Preferred,GBJL1506,hongjiacheng,Diodes,Bridge Rectifiers,GBJ,,2989,$0.7230,THT,1
C42406057,Preferred,GBJ5010,hongjiacheng,Diodes,Bridge Rectifiers,GBJ,,3024,$0.5615,THT,1
C42406074,Preferred,GBP310,hongjiacheng,Diodes,Bridge Rectifiers,GBP,,2682,$0.1231,THT,2
C42406075,Preferred,GBP410A,hongjiacheng,Diodes,Bridge Rectifiers,GBP,,1797,$0.2037,THT,2
C42406064,Preferred,GBU406A,hongjiacheng,Diodes,Bridge Rectifiers,GBU,,240,$0.2727,THT,2
C42406065,Preferred,GBU606,hongjiacheng,Diodes,Bridge Rectifiers,GBU,,2269,$0.2427,THT,2
C42406066,Preferred,GBU1510,hongjiacheng,Diodes,Bridge Rectifiers,GBU,,10416,$0.2822,THT,2
C42406067,Preferred,GBU610,hongjiacheng,Diodes,Bridge Rectifiers,GBU,,3500,$0.2156,THT,2
C42406068,Preferred,GBU410A,hongjiacheng,Diodes,Bridge Rectifiers,GBU,,1008,$0.2916,THT,2
C42406069,Preferred,GBU2510,hongjiacheng,Diodes,Bridge Rectifiers,GBU,,5657,$0.3224,THT,2
C42406070,Preferred,GBU810,hongjiacheng,Diodes,Bridge Rectifiers,GBU,,1132,$0.2258,THT,2
C42406071,Preferred,GBU1010,hongjiacheng,Diodes,Bridge Rectifiers,GBU,,3766,$0.2519,THT,2
C42406072,Preferred,GBU808,hongjiacheng,Diodes,Bridge Rectifiers,GBU,,3527,$0.2264,THT,2
C42406073,Preferred,KBJ410,hongjiacheng,Diodes,Bridge Rectifiers,KBJ,,1640,$0.2673,THT,2
C42406053,Preferred,MSB30M,hongjiacheng,Diodes,Bridge Rectifiers,UMSB,,4507,$0.0849,SMT,2
C7420317,Preferred,US1M,hongjiacheng,Diodes,Diodes - Fast Recovery Rectifiers,SMA(DO-214AC),-55℃~+150℃ 1 Independent 1.7V@1A 1A 1kV 2uA@1000V 30A 75ns SMA(DO-214AC) Fast Recovery / High Efficiency Diodes ROHS,243214,$0.0100,SMT,20
C7420341,Preferred,ES2J,hongjiacheng,Diodes,Diodes - Fast Recovery Rectifiers,SMA(DO-214AC),-55℃~+150℃ 1 Independent 1.7V@2A 2A 35ns 50A 5uA@600V 600V SMA(DO-214AC) Fast Recovery / High Efficiency Diodes ROHS,483339,$0.0164,SMT,20
C7420358,Preferred,RS1M,hongjiacheng,Diodes,Diodes - Fast Recovery Rectifiers,SMA(DO-214AC),-55℃~+150℃ 1 Independent 1.3V@1A 1A 1kV 2uA@1000V 30A 500ns SMA(DO-214AC) Fast Recovery / High Efficiency Diodes ROHS,420962,$0.0099,SMT,20
C7420359,Preferred,RS2M,hongjiacheng,Diodes,Diodes - Fast Recovery Rectifiers,SMA(DO-214AC),-55℃~+150℃ 1 Independent 1.3V@2A 1kV 2A 500ns 50A 5uA@1kV SMA(DO-214AC) Fast Recovery / High Efficiency Diodes ROHS,109485,$0.0138,SMT,20
C7420342,Preferred,ES2JF,hongjiacheng,Diodes,Diodes - Fast Recovery Rectifiers,SMAF,-55℃~+150℃ 1 Independent 1.7V@2A 2A 35ns 50A 5uA@600V 600V SMAF Fast Recovery / High Efficiency Diodes ROHS,33045,$0.0101,SMT,20
C18199144,Preferred,ES5DC,hongjiacheng,Diodes,Diodes - Fast Recovery Rectifiers,SMC,-55℃~+150℃ 1 Independent 150A 1V@5A 200V 2uA@200V 35ns 5A SMC Fast Recovery / High Efficiency Diodes ROHS,14362,$0.0428,SMT,2
C7420350,Preferred,M7,hongjiacheng,Diodes,Diodes - General Purpose,SMA(DO-214AC),-55℃~+150℃ 1.1V@1A 1A 1kV 30A 5uA@1000V Independent SMA(DO-214AC) Diodes - General Purpose ROHS,1263495,$0.0083,SMT,20
C18199095,Preferred,M4,hongjiacheng,Diodes,Diodes - General Purpose,SMA(DO-214AC),,233604,$0.0093,SMT,15
C18199092,Preferred,S3MF,hongjiacheng,Diodes,Diodes - General Purpose,SMAF,,180574,$0.0164,SMT,15
C18199089,Preferred,M1F,hongjiacheng,Diodes,Diodes - General Purpose,SMAF,,16156,$0.0078,THT,5
C18199091,Preferred,S2MF,hongjiacheng,Diodes,Diodes - General Purpose,SMAF,,20198,$0.0122,SMT,15
C18199101,Preferred,S2MB,hongjiacheng,Diodes,Diodes - General Purpose,SMB,,268727,$0.0129,SMT,5
C18199102,Preferred,S3MB,hongjiacheng,Diodes,Diodes - General Purpose,SMB,,176426,$0.0222,SMT,5
C18199104,Preferred,S5JB,hongjiacheng,Diodes,Diodes - General Purpose,SMB,,20851,$0.0330,SMT,5
C18199111,Preferred,S10MC,hongjiacheng,Diodes,Diodes - General Purpose,SMC,,14591,$0.0754,SMT,2
C18199086,Preferred,1N4002W,hongjiacheng,Diodes,Diodes - General Purpose,SOD-123FL,,114731,$0.0075,SMT,15
C18199087,Preferred,1N4004W,hongjiacheng,Diodes,Diodes - General Purpose,SOD-123FL,-55℃~+150℃ 1A 1V@1A 2uA@400V 30A 400V Independent SOD-123FL Diodes - General Purpose ROHS,162028,$0.0079,SMT,15
C18199085,Preferred,1N4001W,hongjiacheng,Diodes,Diodes - General Purpose,SOD-123FL,,88232,$0.0059,SMT,15
C18199128,Preferred,US1J,hongjiacheng,Diodes,Fast Recovery / High Efficiency Diodes,SMA(DO-214AC),,50039,$0.0116,SMT,15
C18199127,Preferred,US1G,hongjiacheng,Diodes,Fast Recovery / High Efficiency Diodes,SMA(DO-214AC),,68778,$0.0142,SMT,15
C18199146,Preferred,MURS160,hongjiacheng,Diodes,Fast Recovery / High Efficiency Diodes,SMA(DO-214AC),,40592,$0.0244,SMT,5
C18199129,Preferred,US1K,hongjiacheng,Diodes,Fast Recovery / High Efficiency Diodes,SMA(DO-214AC),,82362,$0.0108,SMT,15
C18199124,Preferred,US1MF,hongjiacheng,Diodes,Fast Recovery / High Efficiency Diodes,SMAF,,11829,$0.0111,SMT,15
C41411743,Preferred,RS2MF,hongjiacheng,Diodes,Fast Recovery / High Efficiency Diodes,SMAF,,84210,$0.0137,SMT,5
C18199116,Preferred,RS3MF,hongjiacheng,Diodes,Fast Recovery / High Efficiency Diodes,SMAF,,217471,$0.0271,SMT,15
C18199115,Preferred,RS1MF,hongjiacheng,Diodes,Fast Recovery / High Efficiency Diodes,SMAF,,17595,$0.0088,SMT,15
C18199134,Preferred,US2MB,hongjiacheng,Diodes,Fast Recovery / High Efficiency Diodes,SMB,,97064,$0.0194,SMT,5
C18199119,Preferred,RS3MB,hongjiacheng,Diodes,Fast Recovery / High Efficiency Diodes,SMB,,21648,$0.0265,SMT,5
C18199141,Preferred,ES2JB,hongjiacheng,Diodes,Fast Recovery / High Efficiency Diodes,SMB,,6828,$0.0201,SMT,5
C18199163,Preferred,ES3JB,hongjiacheng,Diodes,Fast Recovery / High Efficiency Diodes,SMB,,191201,$0.0258,SMT,5
C18199142,Preferred,ES3DB,hongjiacheng,Diodes,Fast Recovery / High Efficiency Diodes,SMB,,22206,$0.0367,SMT,5
C18199143,Preferred,ES5JB,hongjiacheng,Diodes,Fast Recovery / High Efficiency Diodes,SMB,,13030,$0.0486,SMT,5
C18199162,Preferred,ES2DB,hongjiacheng,Diodes,Fast Recovery / High Efficiency Diodes,SMB,,11271,$0.0194,SMT,5
C18199135,Preferred,US3MBF,hongjiacheng,Diodes,Fast Recovery / High Efficiency Diodes,SMBF,,308,$0.0344,SMT,5
C18199120,Preferred,RS3MC,hongjiacheng,Diodes,Fast Recovery / High Efficiency Diodes,SMC,,7783,$0.0397,SMT,2
C18199121,Preferred,RS5MC,hongjiacheng,Diodes,Fast Recovery / High Efficiency Diodes,SMC,,39534,$0.0593,SMT,2
C18199130,Preferred,US3MC,hongjiacheng,Diodes,Fast Recovery / High Efficiency Diodes,SMC,,29074,$0.0492,SMT,2
C18199131,Preferred,US5MC,hongjiacheng,Diodes,Fast Recovery / High Efficiency Diodes,SMC,,13055,$0.0578,SMT,2
C18199145,Preferred,ES5GC,hongjiacheng,Diodes,Fast Recovery / High Efficiency Diodes,SMC,,2733,$0.0560,SMT,2
C18199165,Preferred,ES3JC,hongjiacheng,Diodes,Fast Recovery / High Efficiency Diodes,SMC,,17,$0.0480,SMT,5
C18199166,Preferred,ES5JC,hongjiacheng,Diodes,Fast Recovery / High Efficiency Diodes,SMC,,17820,$0.0601,SMT,2
C18199167,Preferred,ES8JC,hongjiacheng,Diodes,Fast Recovery / High Efficiency Diodes,SMC,,611,$0.1031,SMT,2
C18199155,Preferred,ES1DW,hongjiacheng,Diodes,Fast Recovery / High Efficiency Diodes,SOD-123FL,,119499,$0.0098,SMT,15
C18199114,Preferred,FR107W,hongjiacheng,Diodes,Fast Recovery / High Efficiency Diodes,SOD-123FL,,239599,$0.0078,SMT,15
C18199113,Preferred,FR102W,hongjiacheng,Diodes,Fast Recovery / High Efficiency Diodes,SOD-123FL,,2631,$0.0072,SMT,15
C18199117,Preferred,RS1G,hongjiacheng,Diodes,Fast recovery/high efficiency diode,SMA(DO-214AC),,14731,$0.0105,SMT,15
C18199125,Preferred,US1A,hongjiacheng,Diodes,Fast recovery/high efficiency diode,SMA(DO-214AC),-55℃~+150℃ 1 Independent 1A 1V@1A 30A 50V 50ns 5uA@50V SMA(DO-214AC) Fast Recovery / High Efficiency Diodes ROHS,19180,$0.0118,SMT,20
C7420316,Preferred,SS14,hongjiacheng,Diodes,Schottky Barrier Diodes (SBD),SMA(DO-214AC),-55℃~+150℃ 1A 200uA@40V 30A 40V 550mV@1A Independent SMA(DO-214AC) Schottky Diodes ROHS,727750,$0.0170,SMT,20
C7420361,Preferred,SS220,hongjiacheng,Diodes,Schottky Barrier Diodes (SBD),SMA(DO-214AC),-55℃~+150℃ 200V 2A 50A 50uA@200V 950mV@2A Independent SMA(DO-214AC) Schottky Diodes ROHS,68904,$0.0311,SMT,20
C7420362,Preferred,SS24,hongjiacheng,Diodes,Schottky Barrier Diodes (SBD),SMA(DO-214AC),-55℃~+150℃ 200uA@40V 2A 40V 50A 550mV@2A Independent SMA(DO-214AC) Schottky Diodes ROHS,941406,$0.0230,SMT,20
C7420363,Preferred,SS26,hongjiacheng,Diodes,Schottky Barrier Diodes (SBD),SMA(DO-214AC),-55℃~+150℃ 200uA@60V 2A 50A 60V 700mV@2A Independent SMA(DO-214AC) Schottky Diodes ROHS,180850,$0.0249,SMT,20
C7420364,Preferred,SS310,hongjiacheng,Diodes,Schottky Barrier Diodes (SBD),SMA(DO-214AC),-55℃~+150℃ 100V 3A 50uA@100V 80A 850mV@3A Independent SMA(DO-214AC) Schottky Diodes ROHS,368913,$0.0307,SMT,20
C7420365,Preferred,SS34,hongjiacheng,Diodes,Schottky Barrier Diodes (SBD),SMA(DO-214AC),200uA@40V 3A 40V 550mV@3A Independent SMA(DO-214AC) Schottky Diodes ROHS,713522,$0.0261,SMT,20
C7420367,Preferred,SS36,hongjiacheng,Diodes,Schottky Barrier Diodes (SBD),SMA(DO-214AC),-55℃~+150℃ 10mA@60V 3A 60V 700mV@3A 80A Independent SMA(DO-214AC) Schottky Diodes ROHS,206682,$0.0316,SMT,20
C7420369,Preferred,SS54,hongjiacheng,Diodes,Schottky Barrier Diodes (SBD),SMA(DO-214AC),-55℃~+125℃ 120A 40V 50uA@40V 550mV@5A 5A Independent SMA(DO-214AC) Schottky Diodes ROHS,457879,$0.0406,SMT,5
C18199202,Preferred,SS24F,hongjiacheng,Diodes,Schottky Barrier Diodes (SBD),SMAF,200uA@40V 2A 40V 550mV@2A Independent SMAF Schottky Diodes ROHS,777844,$0.0247,SMT,5
C7420366,Preferred,SS34B,hongjiacheng,Diodes,Schottky Barrier Diodes (SBD),SMB,-55℃~+125℃ 200uA@40V 3A 40V 550mV@3A 80A Independent SMB Schottky Diodes ROHS,56961,$0.0370,SMT,20
C7420368,Preferred,SS510B,hongjiacheng,Diodes,Schottky Barrier Diodes (SBD),SMB,-55℃~+150℃ 100V 120A 50uA@100V 5A 850mV@5A Independent SMB Schottky Diodes ROHS,98865,$0.0636,SMT,5
C18199193,Preferred,SK1010C,hongjiacheng,Diodes,Schottky Barrier Diodes (SBD),SMC,-55℃~+150℃ 100V 10A 175A 50uA@100V 850mV@10A Independent SMC Schottky Diodes ROHS,9467,$0.1714,SMT,2
C18199211,Preferred,SK104C,hongjiacheng,Diodes,Schottky Barrier Diodes (SBD),SMC,-55℃~+125℃ 10A 175A 40V 500uA@40V 550mV@10A Independent SMC Schottky Diodes ROHS,8156,$0.1633,SMT,2
C7420325,Preferred,B0540W,hongjiacheng,Diodes,Schottky Barrier Diodes (SBD),SOD-123,-55℃~+125℃ 1 Independent 20uA@40V 40V 5.5A 500mA 510mV@500mA SOD-123 Schottky Diodes ROHS,230657,$0.0159,SMT,20
C7420328,Preferred,B5817W,hongjiacheng,Diodes,Schottky Barrier Diodes (SBD),SOD-123,-55℃~+150℃ 1A 1mA@20V 20V 450mV@1A Independent SOD-123 Schottky Diodes ROHS,417681,$0.0170,SMT,20
C7420330,Preferred,B5819W,hongjiacheng,Diodes,Schottky Barrier Diodes (SBD),SOD-123,-55℃~+150℃ 1A 1mA@30V 40V 600mV@1A 9A Independent SOD-123 Schottky Diodes ROHS,695199,$0.0153,SMT,20
C7420332,Preferred,BAT46W,hongjiacheng,Diodes,Schottky Barrier Diodes (SBD),SOD-123,,173138,$0.0167,SMT,15
C7420327,Preferred,B16WS,hongjiacheng,Diodes,Schottky Barrier Diodes (SBD),SOD-323,-55℃~+150℃ 100uA@60V 10A 1A 60V 700mV@1A Independent SOD-323 Schottky Diodes ROHS,716931,$0.0167,SMT,20
C7420329,Preferred,B5817WS,hongjiacheng,Diodes,Schottky Barrier Diodes (SBD),SOD-323,-55℃~+150℃ 10A 1A 1mA@20V 20V 450mV@1A Independent SOD-323 Schottky Diodes ROHS,627775,$0.0151,SMT,20
C7420331,Preferred,B5819WS,hongjiacheng,Diodes,Schottky Barrier Diodes (SBD),SOD-323,-55℃~+150℃ 10A 1A 1mA@40V 40V 600mV@1A Independent SOD-323 Schottky Diodes ROHS,787913,$0.0156,SMT,20
C7502691,Preferred,RB751V-40,hongjiacheng,Diodes,Schottky Barrier Diodes (SBD),SOD-323,200mA 30mA 370mV@1mA 40V 500nA Independent SOD-323 Schottky Diodes ROHS,369994,$0.0136,SMT,20
C7502692,Preferred,BAT46WS,hongjiacheng,Diodes,Schottky Barrier Diodes (SBD),SOD-323,-55℃~+150℃ 100V 150mA 1V@250mA 2uA 350mA Independent SOD-323 Schottky Diodes ROHS,285994,$0.0169,SMT,20
C7502693,Preferred,BAT43WS,hongjiacheng,Diodes,Schottky Barrier Diodes (SBD),SOD-323,1V@0.2A 200mA 30V 4A 500nA Independent SOD-323 Schottky Diodes ROHS,77267,$0.0130,SMT,20
C7502694,Preferred,BAT54WS,hongjiacheng,Diodes,Schottky Barrier Diodes (SBD),SOD-323,-55℃~+125℃ 1V@100mA 200mA 2uA 30V 600A Independent SOD-323 Schottky Diodes ROHS,170161,$0.0116,SMT,20
C7502697,Preferred,B0530WS,hongjiacheng,Diodes,Schottky Barrier Diodes (SBD),SOD-323,,162733,$0.0161,SMT,20
C7502699,Preferred,RB551V-40,hongjiacheng,Diodes,Schottky Barrier Diodes (SBD),SOD-323,100uA 2A 40V 470mV@500mA 500mA Independent SOD-323 Schottky Diodes ROHS,104046,$0.0179,SMT,20
C7502716,Preferred,BAS70WS,hongjiacheng,Diodes,Schottky Barrier Diodes (SBD),SOD-323,-55℃~+150℃ 100mA 100nA 1V@15mA 70V 70mA Independent SOD-323 Schottky Diodes ROHS,176993,$0.0127,SMT,20
C7502717,Preferred,RB501V-40,hongjiacheng,Diodes,Schottky Barrier Diodes (SBD),SOD-323,100mA 1A 30uA 40V 550mV@100mA Independent SOD-323 Schottky Diodes ROHS,35599,$0.0098,SMT,20
C7420333,Preferred,BAT54S,hongjiacheng,Diodes,Schottky Barrier Diodes (SBD),SOT-23,1 Pair Series Connection 200mA 2uA@30V 30V 400mV@10mA 600mA SOT-23 Schottky Diodes ROHS,757295,$0.0114,SMT,10
C18199188,Preferred,SS54C,hongjiacheng,Diodes,Schottky Diodes,SMC,,11524,$0.0670,SMT,2
C18199203,Preferred,SS14F,hongjiacheng,Diodes,Schottky Diodes,SMAF,,86899,$0.0145,SMT,15
C35722,Preferred,SS36-E3/57T,Vishay Intertech,Diodes,Schottky Diodes,SMC(DO-214AB),-55℃~+150℃ 1 Independent 100A 3A 500uA@60V 60V 750mV@3A SMC(DO-214AB) Schottky Diodes ROHS,11897,$0.2139,SMT,2
C64885,Preferred,B5819W,MDD（Microdiode Electronics）,Diodes,Schottky Diodes,SOD-123,-55℃~+125℃ 1A 1mA@40V 25A 40V 600mV@1A Independent SOD-123 Schottky Diodes ROHS,898809,$0.0154,SMT,15
C64886,Preferred,B5819WS,MDD（Microdiode Electronics）,Diodes,Schottky Diodes,SOD-323,-55℃~+125℃ 1A 1mA@40V 25A 40V 900mV@3A Independent SOD-323 Schottky Diodes ROHS,1297842,$0.0201,SMT,20
C7420360,Preferred,SD103AWS,hongjiacheng,Diodes,Schottky Diodes,SOD-323,-55℃~+150℃ 1.5A 350mA 370mV@20mA 40V 5uA@40V Independent SOD-323 Schottky Diodes ROHS,307911,$0.0083,SMT,20
C37704,Preferred,"BAT54C,215",Nexperia,Diodes,Schottky Diodes,SOT-23,1 Pair Common Cathode 200mA 2uA@25V 30V 600mA 800mV@100mA SOT-23 Schottky Diodes ROHS,98299,$0.0345,SMT,10
C41410770,Preferred,SSL54,hongjiacheng,Diodes,Schottky Diodes,SMA,,3396,$0.0781,SMT,5
C41410771,Preferred,SSL34,hongjiacheng,Diodes,Schottky Diodes,SMA,,394,$0.0759,SMT,5
C41410773,Preferred,SSL310,hongjiacheng,Diodes,Schottky Diodes,SMA,,25102,$0.0486,SMT,5
C18199171,Preferred,SS510,hongjiacheng,Diodes,Schottky Diodes,SMA(DO-214AC),,146840,$0.0599,SMT,5
C18199173,Preferred,SS32,hongjiacheng,Diodes,Schottky Diodes,SMA(DO-214AC),,16170,$0.0381,SMT,5
C41411770,Preferred,SS110F,hongjiacheng,Diodes,Schottky Diodes,SMAF,,5273,$0.0176,SMT,5
C41411772,Preferred,SS220F,hongjiacheng,Diodes,Schottky Diodes,SMAF,,4738,$0.0341,SMT,5
C41411780,Preferred,SS310F,hongjiacheng,Diodes,Schottky Diodes,SMAF,,3119,$0.0357,SMT,5
C28646281,Preferred,SSL36F,hongjiacheng,Diodes,Schottky Diodes,SMAF,,3593,$0.0639,SMT,5
C41411768,Preferred,SS210F,hongjiacheng,Diodes,Schottky Diodes,SMAF,,6060,$0.0262,SMT,15
C41411769,Preferred,SS16F,hongjiacheng,Diodes,Schottky Diodes,SMAF,,1820,$0.0147,SMT,5
C41411774,Preferred,SS510F,hongjiacheng,Diodes,Schottky Diodes,SMAF,,3617,$0.0527,SMT,5
C41411775,Preferred,SS56F,hongjiacheng,Diodes,Schottky Diodes,SMAF,,651,$0.0407,SMT,5
C41411776,Preferred,SS120F,hongjiacheng,Diodes,Schottky Diodes,SMAF,,13713,$0.0249,SMT,5
C41411777,Preferred,SSL310F,hongjiacheng,Diodes,Schottky Diodes,SMAF,,2956,$0.0723,SMT,5
C41411778,Preferred,SS52F,hongjiacheng,Diodes,Schottky Diodes,SMAF,,3203,$0.0382,SMT,5
C41411779,Preferred,SS36F,hongjiacheng,Diodes,Schottky Diodes,SMAF,,57694,$0.0316,SMT,5
C41411776,Preferred,SS120F,hongjiacheng,Diodes,Schottky Diodes,SMAF,,13713,$0.0249,SMT,2
C18199179,Preferred,SS54F,hongjiacheng,Diodes,Schottky Diodes,SMAF,,26841,$0.0400,SMT,5
C18199199,Preferred,SS34F,hongjiacheng,Diodes,Schottky Diodes,SMAF,,27958,$0.0332,SMT,15
C18199201,Preferred,SS26F,hongjiacheng,Diodes,Schottky Diodes,SMAF,,52696,$0.0216,SMT,15
C18199201,Preferred,SS26F,hongjiacheng,Diodes,Schottky Diodes,SMAF,,52696,$0.0216,THT,5
C18199200,Preferred,SS320F,hongjiacheng,Diodes,Schottky Diodes,SMAF,,203291,$0.0567,SMT,5
C41410781,Preferred,SS52B,hongjiacheng,Diodes,Schottky Diodes,SMB,,3599,$0.0590,SMT,5
C41410782,Preferred,SS58B,hongjiacheng,Diodes,Schottky Diodes,SMB,,985,$0.0622,SMT,5
C41410774,Preferred,SK84B,hongjiacheng,Diodes,Schottky Diodes,SMB,,11963,$0.1018,SMT,5
C41410776,Preferred,SSL510B,hongjiacheng,Diodes,Schottky Diodes,SMB,,72760,$0.1218,SMT,5
C41410780,Preferred,SSL310B,hongjiacheng,Diodes,Schottky Diodes,SMB,,1716,$0.0747,SMT,5
C41410783,Preferred,SS38B,hongjiacheng,Diodes,Schottky Diodes,SMB,,727,$0.0382,SMT,5
C41410788,Preferred,SS22B,hongjiacheng,Diodes,Schottky Diodes,SMB,,885,$0.0279,SMT,5
C41410789,Preferred,SS32B,hongjiacheng,Diodes,Schottky Diodes,SMB,,603,$0.0364,SMT,5
C41410794,Preferred,SSL545B,hongjiacheng,Diodes,Schottky Diodes,SMB,,934,$0.1210,SMT,5
C41410776,Preferred,SSL510B,hongjiacheng,Diodes,Schottky Diodes,SMB,,72760,$0.1218,SMT,5
C18199184,Preferred,SS26B,hongjiacheng,Diodes,Schottky Diodes,SMB,,28509,$0.0277,SMT,5
C18199181,Preferred,SS54B,hongjiacheng,Diodes,Schottky Diodes,SMB,,29570,$0.0603,SMT,5
C18199185,Preferred,SS24B,hongjiacheng,Diodes,Schottky Diodes,SMB,,17140,$0.0270,SMT,5
C18199186,Preferred,SS210B,hongjiacheng,Diodes,Schottky Diodes,SMB,,5031,$0.0304,SMT,5
C18199180,Preferred,SS56B,hongjiacheng,Diodes,Schottky Diodes,SMB,,10789,$0.0490,SMT,5
C18199182,Preferred,SS36B,hongjiacheng,Diodes,Schottky Diodes,SMB,,28315,$0.0342,SMT,5
C18199204,Preferred,SS520B,hongjiacheng,Diodes,Schottky Diodes,SMB,,32941,$0.0926,SMT,5
C18199205,Preferred,SS515B,hongjiacheng,Diodes,Schottky Diodes,SMB,,13883,$0.0951,SMT,5
C18199194,Preferred,SS56BF,hongjiacheng,Diodes,Schottky Diodes,SMBF,,20355,$0.0430,SMT,5
C42371733,Preferred,SSL34BF,hongjiacheng,Diodes,Schottky Diodes,SMBF,,2199,$0.0907,SMT,5
C42371737,Preferred,SSL510BF,hongjiacheng,Diodes,Schottky Diodes,SMBF,,1470,$0.1055,SMT,5
C42371738,Preferred,SS520BF,hongjiacheng,Diodes,Schottky Diodes,SMBF,,3083,$0.0710,SMT,5
C42371739,Preferred,SS34BF,hongjiacheng,Diodes,Schottky Diodes,SMBF,,11061,$0.0369,SMT,5
C42371741,Preferred,SS510BF,hongjiacheng,Diodes,Schottky Diodes,SMBF,,1761,$0.0530,SMT,5
C18199195,Preferred,SS54BF,hongjiacheng,Diodes,Schottky Diodes,SMBF,,22233,$0.0449,SMT,5
C18199190,Preferred,SS510C,hongjiacheng,Diodes,Schottky Diodes,SMC,,47409,$0.0721,SMT,2
C18199209,Preferred,SK86C,hongjiacheng,Diodes,Schottky Diodes,SMC,,10839,$0.1179,SMT,2
C41410772,Preferred,SK810C,hongjiacheng,Diodes,Schottky Diodes,SMC,,3464,$0.0852,SMT,2
C41410779,Preferred,SS32C,hongjiacheng,Diodes,Schottky Diodes,SMC,,1477,$0.0554,SMT,2
C41410793,Preferred,SSL510C,hongjiacheng,Diodes,Schottky Diodes,SMC,,3990,$0.0990,SMT,2
C41410784,Preferred,SS52C,hongjiacheng,Diodes,Schottky Diodes,SMC,,2017,$0.0634,SMT,2
C41410785,Preferred,SS58C,hongjiacheng,Diodes,Schottky Diodes,SMC,,1694,$0.0719,SMT,2
C18199189,Preferred,SS520C,hongjiacheng,Diodes,Schottky Diodes,SMC,,27630,$0.0932,SMT,2
C18199192,Preferred,SS34C,hongjiacheng,Diodes,Schottky Diodes,SMC,,15761,$0.0523,SMT,2
C18199187,Preferred,SS56C,hongjiacheng,Diodes,Schottky Diodes,SMC,,4942,$0.0628,SMT,2
C18199191,Preferred,SS36C,hongjiacheng,Diodes,Schottky Diodes,SMC,,5153,$0.0578,SMT,2
C18199207,Preferred,SS84C,hongjiacheng,Diodes,Schottky Diodes,SMC,,11712,$0.1178,SMT,2
C18199208,Preferred,SS310C,hongjiacheng,Diodes,Schottky Diodes,SMC,,7446,$0.0550,SMT,2
C18199210,Preferred,SK106C,hongjiacheng,Diodes,Schottky Diodes,SMC,,910,$0.1556,SMT,2
C18199191,Preferred,SS36C,hongjiacheng,Diodes,Schottky Diodes,SMC,,5153,$0.0578,THT,5
C7502715,Preferred,RB160M-30,hongjiacheng,Diodes,Schottky Diodes,SOD-123,,129453,$0.0247,SMT,15
C7502705,Preferred,BAT54W,hongjiacheng,Diodes,Schottky Diodes,SOD-123,,85899,$0.0098,SMT,15
C7502706,Preferred,SD103AW,hongjiacheng,Diodes,Schottky Diodes,SOD-123,,109397,$0.0079,SMT,15
C7502705,Preferred,BAT54W,hongjiacheng,Diodes,Schottky Diodes,SOD-123,,85899,$0.0098,THT,5
C7502712,Preferred,DSK26,hongjiacheng,Diodes,Schottky Diodes,SOD-123FL,,238155,$0.0203,SMT,15
C28646288,Preferred,DSK220,hongjiacheng,Diodes,Schottky Diodes,SOD-123FL,,214682,$0.0317,SMT,15
C28646290,Preferred,DSK22,hongjiacheng,Diodes,Schottky Diodes,SOD-123FL,,90180,$0.0228,SMT,15
C7502709,Preferred,DSK34,hongjiacheng,Diodes,Schottky Diodes,SOD-123FL,,183121,$0.0316,SMT,5
C7502711,Preferred,DSK14,hongjiacheng,Diodes,Schottky Diodes,SOD-123FL,,161601,$0.0111,SMT,15
C7502709,Preferred,DSK34,hongjiacheng,Diodes,Schottky Diodes,SOD-123FL,,183121,$0.0316,SMT,5
C22466359,Preferred,1SS357,hongjiacheng,Diodes,Schottky Diodes,SOD-323,,26996,$0.0121,SMT,20
C22466360,Preferred,BAT42WS,hongjiacheng,Diodes,Schottky Diodes,SOD-323,,4982,$0.0131,SMT,20
C22466361,Preferred,B5818WS,hongjiacheng,Diodes,Schottky Diodes,SOD-323,,34681,$0.0170,SMT,20
C22466363,Preferred,SD103CWS,hongjiacheng,Diodes,Schottky Diodes,SOD-323,,24083,$0.0100,SMT,20
C7502698,Preferred,RB551V-30,hongjiacheng,Diodes,Schottky Diodes,SOD-323,,110969,$0.0218,SMT,20
C7502698,Preferred,RB551V-30,hongjiacheng,Diodes,Schottky Diodes,SOD-323,,110969,$0.0218,THT,5
C7502696,Preferred,B0520WS,hongjiacheng,Diodes,Schottky Diodes,SOD-323,,68272,$0.0182,SMT,20
C7502700,Preferred,RB751S-40,hongjiacheng,Diodes,Schottky Diodes,SOD-523,,15140,$0.0159,SMT,20
C7502703,Preferred,RB521S-40,hongjiacheng,Diodes,Schottky Diodes,SOD-523,,8597,$0.0122,SMT,20
C19627026,Preferred,BAT54X,hongjiacheng,Diodes,Schottky Diodes,SOD-523,,14901,$0.0123,SMT,20
C7502685,Preferred,BAS40,hongjiacheng,Diodes,Schottky Diodes,SOT-23,,1708,$0.0124,SMT,10
C22466371,Preferred,BAT720,hongjiacheng,Diodes,Schottky Diodes,SOT-23,,5282,$0.0302,SMT,10
C7502689,Preferred,BAS40-05,hongjiacheng,Diodes,Schottky Diodes,SOT-23,,23559,$0.0148,SMT,10
C7502690,Preferred,BAT54A,hongjiacheng,Diodes,Schottky Diodes,SOT-23,,16593,$0.0105,SMT,10
C22392482,Preferred,BAT54CW,hongjiacheng,Diodes,Schottky Diodes,SOT-323,,43888,$0.0188,SMT,10
C7420319,Preferred,1N4148WS,hongjiacheng,Diodes,Switching Diode,SOD-323,-55℃~+150℃ 1.25V@150mA 100V 150mA 1uA@75V 200mW 2A 4ns Independent SOD-323 Switching Diodes ROHS,671449,$0.0078,SMT,20
C7502718,Preferred,1SS355,hongjiacheng,Diodes,Switching Diode,SOD-323,,95131,$0.0098,SMT,20
C7502720,Preferred,BAS316,hongjiacheng,Diodes,Switching Diode,SOD-323,,397536,$0.0106,SMT,20
C7420320,Preferred,1N4148WT,hongjiacheng,Diodes,Switching Diode,SOD-523,-55℃~+150℃ 1.25V@150mA 100V 150mA 150mW 1uA@75V 2A 4ns Independent SOD-523 Switching Diodes ROHS,1437558,$0.0105,SMT,20
C7420335,Preferred,BAV70,hongjiacheng,Diodes,Switching Diode,SOT-23,-55℃~+150℃ 1 Pair Common Cathode 1.25V@150mA 2.5uA 200mA 225mW 2A 4ns 70V SOT-23 Switching Diodes ROHS,5475,$0.0095,SMT,10
C7420336,Preferred,BAV99,hongjiacheng,Diodes,Switching Diode,SOT-23,-55℃~+150℃ 1 Pair Series Connection 1.25V@150mA 2.5uA@75V 200mA 225mW 2A 4ns 70V SOT-23 Switching Diodes ROHS,857401,$0.0094,SMT,10
C7502730,Preferred,1SS181,hongjiacheng,Diodes,Switching Diode,SOT-23,,40065,$0.0103,SMT,10
C7420318,Preferred,1N4148W,hongjiacheng,Diodes,Switching Diodes,SOD-123,-55℃~+150℃ 1.25V@150mA 100V 150mA 1uA@75V 2A 400mW 4ns Independent SOD-123 Switching Diodes ROHS,4408431,$0.0051,SMT,15
C437156,Preferred,1N4148WS,MDD（Microdiode Electronics）,Diodes,Switching Diodes,SOD-323,-55℃~+150℃@(Tj) 1.25V@150mA 100V 150mA 25nA@20V 400mW 4A 4ns Independent SOD-323 Switching Diodes ROHS,1170749,$0.0072,SMT,20
C7502719,Preferred,BAS416,hongjiacheng,Diodes,Switching Diodes,SOD-323,,367608,$0.0096,SMT,20
C7502721,Preferred,1SS400,hongjiacheng,Diodes,Switching Diodes,SOD-523,,15472,$0.0112,SMT,20
C7502722,Preferred,BAS516,hongjiacheng,Diodes,Switching Diodes,SOD-523,,5890,$0.0127,SMT,20
C7502729,Preferred,BAW56,hongjiacheng,Diodes,Switching Diodes,SOT-23,,252432,$0.0131,SMT,10
C17179589,Preferred,MMBD4148CC,hongjiacheng,Diodes,Switching Diodes,SOT-23,,102215,$0.0138,SMT,10
C7502723,Preferred,MMBD4148,hongjiacheng,Diodes,Switching Diodes,SOT-23,,43351,$0.0088,SMT,10
C7502724,Preferred,BAS16,hongjiacheng,Diodes,Switching Diodes,SOT-23,,82273,$0.0085,SMT,10
C7502725,Preferred,BAS21,hongjiacheng,Diodes,Switching Diodes,SOT-23,,25417,$0.0122,SMT,10
C7502731,Preferred,1SS226,hongjiacheng,Diodes,Switching Diodes,SOT-23,,19317,$0.0139,SMT,10
C17179590,Preferred,MMBD4148SE,hongjiacheng,Diodes,Switching Diodes,SOT-23,,39137,$0.0121,SMT,10
C7502727,Preferred,BAV99W,hongjiacheng,Diodes,Switching Diodes,SOT-323,-55℃~+150℃ 1 Pair Series Connection 1.25V@150mA 150mA 2.5uA 200mW 2A 4ns 75V SOT-323 Switching Diodes ROHS,98054,$0.0163,SMT,10
C19077478,Preferred,1SMA4737A,hongjiacheng,Diodes,Zener Diodes,DO-214AC(SMA),-55℃~+150℃ 1 Independent 10uA@5V 1W 4Ω 7.12V~7.88V 7.5V DO-214AC(SMA) Zener Diodes ROHS,1164,$0.0401,SMT,5
C19077487,Preferred,1SMA5918A,hongjiacheng,Diodes,Zener Diodes,DO-214AC(SMA),,58756,$0.1044,SMT,5
C19077489,Preferred,1SMA5927A,hongjiacheng,Diodes,Zener Diodes,DO-214AC(SMA),-55℃~+150℃ 1 Independent 1.5W 11.4V~12.6V 12V 1uA@1V 550Ω 6.5Ω ±5% DO-214AC(SMA) Zener Diodes ROHS,29316,$0.0690,SMT,5
C19077490,Preferred,1SMA5928A,hongjiacheng,Diodes,Zener Diodes,DO-214AC(SMA),,12902,$0.0600,SMT,5
C41411741,Preferred,1SMAF4741A,hongjiacheng,Diodes,Zener Diodes,SMAF,,14098,$0.0354,SMT,5
C41411742,Preferred,1SMAF4737A,hongjiacheng,Diodes,Zener Diodes,SMAF,,936,$0.0361,SMT,5
C42371731,Preferred,1SMAF4747A,hongjiacheng,Diodes,Zener Diodes,SMAF,,4012,$0.0319,SMT,5
C41411741,Preferred,1SMAF4741A,hongjiacheng,Diodes,Zener Diodes,SMAF,,14098,$0.0354,SMT,2
C19077418,Preferred,BZT52C30,hongjiacheng,Diodes,Zener Diodes,SOD-123,,45928,$0.0142,SMT,15
C19077425,Preferred,MMSZ5240B,hongjiacheng,Diodes,Zener Diodes,SOD-123,-55℃~+150℃ 1 Independent 10V 17Ω 3uA@8V 500mW 9.5V~10.5V SOD-123 Zener Diodes ROHS,10437,$0.0184,SMT,20
C19077431,Preferred,MMSZ5250B,hongjiacheng,Diodes,Zener Diodes,SOD-123,-55℃~+150℃ 1 Independent 100nA@15V 19V~21V 20V 25Ω 500mW SOD-123 Zener Diodes ROHS,75249,$0.0206,SMT,20
C22379455,Preferred,MM1Z18B,hongjiacheng,Diodes,Zener Diodes,SOD-123,-55℃~+150℃ 1 Independent 100nA@13V 17.64V~18.36V 18V 45Ω 500mW SOD-123 Zener Diodes ROHS,3153,$0.0146,SMT,15
C22395529,Preferred,MM1W18,hongjiacheng,Diodes,Zener Diodes,SOD-123,,59873,$0.0357,SMT,5
C22395530,Preferred,MM1W22,hongjiacheng,Diodes,Zener Diodes,SOD-123,,765,$0.0188,SMT,15
C22395534,Preferred,MM1Z2V0B,hongjiacheng,Diodes,Zener Diodes,SOD-123,,15,$0.0176,SMT,15
C22395569,Preferred,BZT52B12,hongjiacheng,Diodes,Zener Diodes,SOD-123,,39473,$0.0170,SMT,15
C22399881,Preferred,BZT52B5V6,hongjiacheng,Diodes,Zener Diodes,SOD-123,,7068,$0.0169,SMT,15
C22399896,Preferred,MMSZ5229B,hongjiacheng,Diodes,Zener Diodes,SOD-123,,20969,$0.0213,SMT,15
C22435089,Preferred,MM1W36,hongjiacheng,Diodes,Zener Diodes,SOD-123,,13702,$0.0347,SMT,15
C22435096,Preferred,MM1W4V7,hongjiacheng,Diodes,Zener Diodes,SOD-123,,53991,$0.0484,SMT,5
C22466339,Preferred,MM1Z30B,hongjiacheng,Diodes,Zener Diodes,SOD-123,,14365,$0.0166,SMT,15
C41410795,Preferred,BZT52C2V0,hongjiacheng,Diodes,Zener Diodes,SOD-123,,42380,$0.0145,SMT,15
C41410796,Preferred,MMSZ4693,hongjiacheng,Diodes,Zener Diodes,SOD-123,,5765,$0.0181,SMT,15
C42371755,Preferred,MMSZ4680,hongjiacheng,Diodes,Zener Diodes,SOD-123,,18,$0.0249,SMT,15
C42371756,Preferred,MMSZ4696,hongjiacheng,Diodes,Zener Diodes,SOD-123,,6878,$0.0236,SMT,15
C42371757,Preferred,MMSZ4697,hongjiacheng,Diodes,Zener Diodes,SOD-123,,5360,$0.0236,SMT,15
C42371760,Preferred,MMSZ5221B,hongjiacheng,Diodes,Zener Diodes,SOD-123,,63008,$0.0216,SMT,15
C42371755,Preferred,MMSZ4680,hongjiacheng,Diodes,Zener Diodes,SOD-123,,18,$0.0249,SMT,15
C19077434,Preferred,BZT52B5V1S,hongjiacheng,Diodes,Zener Diodes,SOD-323,-55℃~+150℃ 1 Independent 200mW 2uA@2V 480Ω 5.1V 5V~5.2V 60Ω SOD-323 Zener Diodes ROHS,11700,$0.0201,SMT,20
C19077440,Preferred,BZT52C5V1S,hongjiacheng,Diodes,Zener Diodes,SOD-323,,510565,$0.0153,SMT,20
C19077441,Preferred,BZT52C5V6S,hongjiacheng,Diodes,Zener Diodes,SOD-323,,301073,$0.0164,SMT,20
C19077449,Preferred,BZT52C16S,hongjiacheng,Diodes,Zener Diodes,SOD-323,-55℃~+150℃ 1 Independent 100nA 15.3V~17.1V 16V 200mW 200Ω 40Ω SOD-323 Zener Diodes ROHS,7495,$0.0147,SMT,20
C22375288,Preferred,BZT52C22S,hongjiacheng,Diodes,Zener Diodes,SOD-323,-55℃~+150℃ 1 Independent 100nA 20.8V~23.3V 200mW 22V 250Ω 55Ω SOD-323 Zener Diodes ROHS,1226,$0.0142,SMT,20
C22395572,Preferred,BZT52B12S,hongjiacheng,Diodes,Zener Diodes,SOD-323,,12165,$0.0167,SMT,20
C22399889,Preferred,BZT52C13S,hongjiacheng,Diodes,Zener Diodes,SOD-323,,6851,$0.0145,SMT,20
C22399892,Preferred,MM3Z56,hongjiacheng,Diodes,Zener Diodes,SOD-323,,5955,$0.0151,SMT,20
C41410801,Preferred,MMSZ5234BS,hongjiacheng,Diodes,Zener Diodes,SOD-323,,12277,$0.0212,SMT,20
C41410797,Preferred,MMSZ5251BS,hongjiacheng,Diodes,Zener Diodes,SOD-323,,2292,$0.0212,SMT,20
C41410798,Preferred,MM3Z16,hongjiacheng,Diodes,Zener Diodes,SOD-323,,1428,$0.0142,SMT,20
C41410799,Preferred,MMSZ5245BS,hongjiacheng,Diodes,Zener Diodes,SOD-323,,3693,$0.0147,SMT,20
C41410800,Preferred,MMSZ5256BS,hongjiacheng,Diodes,Zener Diodes,SOD-323,,25851,$0.0215,SMT,20
C41410802,Preferred,MMSZ5226BS,hongjiacheng,Diodes,Zener Diodes,SOD-323,,9233,$0.0215,SMT,20
C42387454,Preferred,BZT52B11S,hongjiacheng,Diodes,Zener Diodes,SOD-323,,35838,$0.0160,SMT,20
C42387454,Preferred,BZT52B11S,hongjiacheng,Diodes,Zener Diodes,SOD-323,,35838,$0.0160,SMT,20
C41410800,Preferred,MMSZ5256BS,hongjiacheng,Diodes,Zener Diodes,SOD-323,,25851,$0.0215,SMT,20
C19077462,Preferred,BZX584C3V3,hongjiacheng,Diodes,Zener Diodes,SOD-523,,155113,$0.0188,SMT,20
C19077464,Preferred,BZX584C5V6,hongjiacheng,Diodes,Zener Diodes,SOD-523,,113771,$0.0182,SMT,20
C19077465,Preferred,BZX584C9V1,hongjiacheng,Diodes,Zener Diodes,SOD-523,-55℃~+150℃ 1 Independent 100Ω 150mW 15Ω 500nA@6V 8.5V~9.6V 9.1V SOD-523 Zener Diodes ROHS,101482,$0.0169,SMT,20
C22395573,Preferred,BZX584C2V4,hongjiacheng,Diodes,Zener Diodes,SOD-523,,148791,$0.0166,SMT,20
C22395574,Preferred,BZX584C3V6,hongjiacheng,Diodes,Zener Diodes,SOD-523,,14353,$0.0175,SMT,20
C22395579,Preferred,BZX584C12,hongjiacheng,Diodes,Zener Diodes,SOD-523,,16651,$0.0207,SMT,20
C22395580,Preferred,BZX584C13,hongjiacheng,Diodes,Zener Diodes,SOD-523,,3469,$0.0175,SMT,20
C19077467,Preferred,BZX84C3V3,hongjiacheng,Diodes,Zener Diodes,SOT-23,,148968,$0.0154,SMT,10
C19077471,Preferred,BZX84C12,hongjiacheng,Diodes,Zener Diodes,SOT-23,,79566,$0.0145,SMT,10
C14877,Preferred,ATMEGA328P-AU,Microchip Tech,Embedded Processors & Controllers,Microcontrollers (MCU/MPU/SOC),TQFP-32(7x7),-40℃~+85℃ 1.8V~5.5V 10bit 1KB 20MHz 23 2KB 32KB 8 Bit AVR Built-in FLASH TQFP-32(7x7) Microcontrollers (MCU/MPU/SOC) ROH,24149,$2.1481,SMT,1
C8254,Preferred,STM8S105K6T6C,STMicroelectronics,Embedded Processors & Controllers,Microcontrollers (MCU/MPU/SOC),LQFP-32(7x7),-40℃~+85℃ 10bit 16MHz 1KB 2.95V~5.5V 25 2KB 32KB 8 Bit Built-in FLASH STM8 LQFP-32(7x7) Microcontrollers (MCU/MPU/SOC) R,310,$1.3141,SMT,1
C8734,Preferred,STM32F103C8T6,STMicroelectronics,Embedded Processors & Controllers,Microcontrollers (MCU/MPU/SOC),LQFP-48(7x7),-40℃~+85℃ 12bit 20KB 2V~3.6V 32 Bit 37 64KB 72MHz ARM Cortex-M3 Built-in FLASH LQFP-48(7x7) Microcontrollers (MCU/MPU/SO,218502,$1.5378,SMT,1
C9861,Preferred,STM32L151C8T6,STMicroelectronics,Embedded Processors & Controllers,Microcontrollers (MCU/MPU/SOC),LQFP-48(7x7),-40℃~+85℃ 1.8V~3.6V 10KB 12bit 12bit 32 Bit 32MHz 37 4KB 64KB ARM Cortex-M3 Built-in FLASH LQFP-48(7x7) Microcontrollers,433,$5.1644,SMT,1
C23922,Preferred,STM32F030C8T6,STMicroelectronics,Embedded Processors & Controllers,Microcontrollers (MCU/MPU/SOC),LQFP-48(7x7),-40℃~+85℃ 12bit 2.4V~3.6V 32 Bit 39 48MHz 64KB 8KB ARM Cortex-M0 Built-in FLASH LQFP-48(7x7) Microcontrollers (MCU/MPU/S,58327,$1.1037,SMT,1
C52717,Preferred,STM8S003F3P6TR,STMicroelectronics,Embedded Processors & Controllers,Microcontrollers (MCU/MPU/SOC),TSSOP-20,-40℃~+85℃ 10bit 128Byte 16 16MHz 1KB 2.95V~5.5V 8 Bit 8KB Built-in FLASH STM8 TSSOP-20 Microcontrollers (MCU/MPU/SOC) RO,58106,$0.5096,SMT,1
C14033,Preferred,SDCL1005C3N9STDF,Sunlord,"Inductors, Coils, Chokes",Inductors (SMD),0402,200mΩ 3.9nH 300mA 4GHz 8@100MHz Multilayer inductor 0402 Inductors (SMD) ROHS,194135,$0.0042,SMT,20
C27143,Preferred,SDCL1005C15NJTDF,Sunlord,"Inductors, Coils, Chokes",Inductors (SMD),0402,,558205,$0.0042,SMT,20
C27147,Preferred,SDCL1005C10NJTDF,Sunlord,"Inductors, Coils, Chokes",Inductors (SMD),0402,10nH 3.2GHz 300mA 400mΩ 8@100MHz ±5% 0402 Inductors (SMD) ROHS,100641,$0.0042,SMT,20
C1034,Preferred,SDFL1608Q4R7KTF,Sunlord,"Inductors, Coils, Chokes",Inductors (SMD),0603,15mA 2.1Ω 33MHz 35@10MHz 4.7uH ±10% 0603 Inductors (SMD) ROHS,6,$0.0118,SMT,20
C13415,Preferred,SDCL1608C68NJTDF,Sunlord,"Inductors, Coils, Chokes",Inductors (SMD),0603,12@100MHz 300mA 68nH 850mΩ 900MHz ±5% 0603 Inductors (SMD) ROHS,162718,$0.0115,SMT,20
C1042,Preferred,SDFL2012Q1R0KTF,Sunlord,"Inductors, Coils, Chokes",Inductors (SMD),0805,1uH 400mΩ 45@10MHz 50mA 75MHz Multilayer inductor ±10% 0805 Inductors (SMD) ROHS,40799,$0.0182,SMT,20
C1043,Preferred,CMI201209U2R2KT,FH(Guangdong Fenghua Advanced Tech),"Inductors, Coils, Chokes",Inductors (SMD),0805,2.2uH 35@10MHz 50MHz 50mA 600mΩ ±10% 0805 Inductors (SMD) ROHS,71233,$0.0212,SMT,20
C32375,Preferred,SDFL2012T220KTF,Sunlord,"Inductors, Coils, Chokes",Inductors (SMD),0805,1.1Ω 16MHz 22uH 30@1MHz 5mA Multilayer inductor ±10% 0805 Inductors (SMD) ROHS,25146,$0.0233,SMT,20
C68035,Preferred,MLF2012C101KT000,TDK,"Inductors, Coils, Chokes",Inductors (SMD),0805,100uH 2.5Ω 25@1MHz 2mA 7MHz ±10% 0805 Inductors (SMD) ROHS,44175,$0.0364,SMT,5
C1049,Preferred,CMI321609U4R7KT,FH(Guangdong Fenghua Advanced Tech),"Inductors, Coils, Chokes",Inductors (SMD),1206,25mA 35@10MHz 35MHz 4.7uH 650mΩ ±10% 1206 Inductors (SMD) ROHS,58857,$0.0370,SMT,20
C1051,Preferred,CMI321609X100KT,FH(Guangdong Fenghua Advanced Tech),"Inductors, Coils, Chokes",Inductors (SMD),1206,10uH 24MHz 25mA 35@2MHz 800mΩ ±10% 1206 Inductors (SMD) ROHS,138798,$0.0379,SMT,20
C6521,Preferred,CD4052BM96,Texas Instruments,Interface,"Analog Switches, Multiplexers",SOIC-16,"-55℃~+125℃ 125Ω 18pF 2 25MHz 320ns 3V~20V 4:1 SOIC-16 Analog Switches, Multiplexers ROHS",109283,$0.2412,SMT,1
C21379,Preferred,CD4051BM96,Texas Instruments,Interface,"Analog Switches, Multiplexers",SOIC-16-150mil,"-55℃~+125℃ 1 125Ω 20MHz 30pF 3V~20V 60ns 8:1 SOIC-16-150mil Analog Switches, Multiplexers ROHS",42523,$0.1806,SMT,1
C12084,Preferred,SN65HVD230DR,Texas Instruments,Interface,CAN Transceivers,SOIC-8,-40℃~+85℃ 17mA 1Mbps 370uA 3V~3.6V CAN Transceiver SOIC-8 CAN Transceivers ROHS,47847,$0.5867,SMT,1
C26860,Preferred,MAX232ESE+T,Maxim Integrated,Interface,RS232 ICs,SOIC-16,-40℃~+85℃ 120Kbps 2 2 4.5V~5.5V 5mA Transceiver SOIC-16 RS232 ICs ROHS,12709,$1.2519,SMT,1
C6568,Preferred,CP2102-GMR,SILICON LABS,Interface,USB Converters,WQFN-28-EP(5x5),-40℃~+85℃ 1Mbps 20mA 3V~3.6V 80uA Transceiver USB 2.0 WQFN-28-EP(5x5) USB Converters ROHS,39108,$2.0385,SMT,1
C5625,Preferred,"74HC245D,653",Nexperia,Logic ICs,Buffer/Driver/Transceiver,SOIC-20-300mil,"-40℃~+125℃ 1 160uA 2V~6V 7.8mA 7.8mA 74HC 8 9ns@4.5V,50pF Bidirectional Tri-State SOIC-20-300mil Buffers, Drivers, Recei",9447,$0.3070,SMT,1
C7859,Preferred,SN74LVC4245APWR,Texas Instruments,Logic ICs,Buffer/Driver/Transceiver,TSSOP-24,"-40℃~+85℃ 1 2.7V~3.6V 4.5V~5.5V 8 Bidirectional Tri-State TSSOP-24 Translators, Level Shifters ROHS",9904,$0.3689,SMT,1
C5593,Preferred,"74HC08D,653",Nexperia,Logic ICs,Gates,SOIC-14,"-40℃~+125℃ 1.5V~4.2V 1.9V、3.7V、5.2V 100mV、400mV 2 27ns@4.5V,50pF 2V~6V 2uA 4 5.2mA 5.2mA 500mV~1.8V 74HC Series AND Gate",51050,$0.1979,SMT,1
C5590,Preferred,"74HC04D,653",Nexperia,Logic ICs,Inverters,SOIC-14,"-40℃~+125℃ 1 1.5V~4.2V 1.9V、3.7V、5.2V 100mV、400mV、400mV 14ns@6V,50pF 2V~6V 2uA 5.2mA 5.2mA 500mV~1.8V 6 74HC SOIC-14 Inv",91148,$0.1477,SMT,1
C5613,Preferred,"74HC165D,653",Nexperia,Logic ICs,Shifting Register,SOIC-16,"-40℃~+125℃ 1 28ns@6V,50pF 2V~6V 35MHz 500mW 74HC 8 Parallel or Serial to Serial SOIC-16 Shift Registers ROHS",107314,$0.2046,SMT,1
C6482,Preferred,AT24C256C-SSHL-T,Microchip Tech,Memory,EEPROM,SOIC-8,"-40℃~+85℃ 1,000,000 cycles 1.7V~5.5V 1MHz 256Kbit 40 Years 5ms Hardware write protection function、Noise suppression func",62763,$0.3375,SMT,1
C7562,Preferred,M24C02-WMN6TP,STMicroelectronics,Memory,EEPROM,SOIC-8,"-40℃~+85℃ 2.5V~5.5V 200 Years 2Kbit 4,000,000 Cycles 400kHz 5ms I2C SOIC-8 EEPROM ROHS",15219,$0.1161,SMT,1
C79988,Preferred,M24C64-RMN6TP,STMicroelectronics,Memory,EEPROM,SOIC-8,"-40℃~+85℃ 1.8V~5.5V 1MHz 200 Years 4,000,000 Cycles 5ms 64Kbit Hardware write protection function、Noise suppression func",244435,$0.1212,SMT,1
C7532,Preferred,HT1621B,Holtek Semicon,Nixie Tube Driver/LED Driver,LCD Drivers,LQFP-48(7x7),"-40℃~+85℃ 1/3,1/2 1/4,1/3,1/2 2.4V~5.2V 256kHz 3-Wire Serial Interface 32 Segment 32x4 bit 60uA LQFP-48(7x7) LCD Drivers",19488,$0.5407,SMT,1
C7377,Preferred,MCP6002T-I/SN,Microchip Tech,Operational Amplifier/Comparator,Operational Amplifier,SOIC-8,"-40℃~+125℃ 1.8V~6V 100uA 1MHz 1pA 1pA 2 23mA 28nV/√Hz@1kHz 2uV/℃ 4.5mV 600V/ms 76dB 7V Rail-to-Rail Input, Rail-to-Rail ",84425,$0.2431,SMT,1
C18229,Preferred,LM2904DR2G,onsemi,Operational Amplifier/Comparator,Operational Amplifier,SOIC-8,-16V~16V -40℃~+105℃ 1.5mA 10pA/℃ 2 2mV 32V 3V~32V 40mA 45nA 50nA 70dB 7uV/℃ SOIC-8 Operational Amplifier ROHS,247235,$0.0707,SMT,1
C7972,Preferred,LMV321IDBVR,Texas Instruments,Operational Amplifier/Comparator,Operational Amplifier,SOT-23-5,-40℃~+125℃ 1 11nA 170uA 1MHz 1V/us 2.7V~5.5V 46nV/√Hz@1kHz 5.5V 5mA 5nA 63dB 7mV 9uV/℃ Rail-to-Rail Output SOT-23-5 Oper,43070,$0.0864,SMT,5
C89811,Preferred,NCD0603Y2,Foshan NationStar Optoelectronics,Optoelectronics,LED Indication - Discrete,0603,-30℃~+85℃ 1.6V~2.6V 130° 220mcd 25mA 586nm~595nm 595nm 65mW Discrete Diode Yellow 0603 LED Indication - Discrete ROHS,337020,$0.0178,SMT,20
C16581,Preferred,TP4056-42-ESOP8,TOPPOWER(Nanjing Extension Microelectronics),Power Management (PMIC),Battery Management,ESOP-8,-40℃~+85℃ 1 1A 2uA 4.2V 4V~8V Charging IC Lithium Battery Support ESOP-8 Battery Management ROHS,131182,$0.1705,SMT,1
C32574,Preferred,TP4054-42-SOT25R,TOPPOWER(Nanjing Extension Microelectronics),Power Management (PMIC),Battery Management,SOT-23-5,-40℃~+85℃ 1 4.2V 450mA 45uA 4V~9V Charging IC Lithium Battery Not supported Not supported SOT-23-5 Battery Management RO,46059,$0.1493,SMT,5
C12044,Preferred,TP4057-42-SOT26-R,TOPPOWER(Nanjing Extension Microelectronics),Power Management (PMIC),Battery Management,SOT-23-6,-40℃~+85℃ 1 4.2V 40uA 4V~9V 500mA Charging IC Lithium Battery Not supported Not supported SOT-23-6 Battery Management RO,49608,$0.1416,SMT,5
C7881,Preferred,ICL7660AIBAZA-T,Intersil(Renesas Electronics),Power Management (PMIC),Charge Pumps,SOIC-8,-12V~-1.5V -40℃~+85℃ 1.5V~12V 100uA 8kHz 97Ω 98% Inverted SOIC-8 Charge Pumps ROHS,24302,$0.8874,SMT,1
C9865,Preferred,TPS54331DR,Texas Instruments,Power Management (PMIC),DC-DC Converters,SOIC-8,-40℃~+150℃@(TJ) 1 110uA 3.5V~28V 3A 570kHz 800mV~25V Adjustable Buck Buck Built-in No SOIC-8 DC-DC Converters ROHS,76180,$0.3436,SMT,1
C32078,Preferred,MC34063ADR2G,onsemi,Power Management (PMIC),DC-DC Converters,SOIC-8,0℃~+70℃@(TA) 1 1.25V~40V 1.5A 100kHz 3V~40V Adjustable Boost、Buck Buck、Boost Built-in No SOIC-8 DC-DC Converters ROHS,31614,$0.4681,SMT,1
C74192,Preferred,XL1509-ADJE1,XLSEMI,Power Management (PMIC),DC-DC Converters,SOIC-8,-40℃~+85℃ 1 1.23V~37V 127kHz~173kHz 2A 2mA 4.5V~40V Adjustable Buck Buck Built-in No SOIC-8 DC-DC Converters ROHS,119641,$0.2588,SMT,1
C7722,Preferred,TPS61040DBVR,Texas Instruments,Power Management (PMIC),DC-DC Converters,SOT-23-5,-40℃~+125℃@(TJ) 1 1.8V~6V 1MHz 28V 28uA 400mA Adjustable Boost Boost Built-in No SOT-23-5 DC-DC Converters ROHS,2329,$0.8993,SMT,5
C10002,Preferred,LM2596SX-5.0/NOPB,Texas Instruments,Power Management (PMIC),DC-DC Converters,TO-263-5,-40℃~+125℃@(TJ) 1 150kHz 3A 4.5V~40V 5V Buck Buck Built-in Fixed No TO-263-5 DC-DC Converters ROHS,10733,$1.3200,SMT,1
C34465,Preferred,LM2576SX-5.0/NOPB,Texas Instruments,Power Management (PMIC),DC-DC Converters,TO-263-5,-40℃~+125℃@(TJ) 1 3A 4V~40V 52kHz 5V 5mA Buck Buck Built-in Fixed No TO-263-5 DC-DC Converters ROHS,1988,$1.4800,SMT,1
C75501,Preferred,78L12G-AB3-R,UTC(Unisonic Tech),Power Management (PMIC),"Voltage Regulators - Linear, Low Drop Out (LDO) Regulators",SOT-89,-40℃~+85℃ 1 1.7V 100mA 12V 27V 2mA 65dB@(120Hz) 80uV Fixed Over Current Protection、Over Temperature Protection、Short Cir,3844,$0.0769,SMT,5
C16106,Preferred,HT7550-1,Holtek Semicon,Power Management (PMIC),"Voltage Regulators - Linear, Low Drop Out (LDO) Regulators",SOT-89-3,"-40℃~+85℃@(Ta) 1 150mA 2.5uA 25mV@(1mA) 30V 5V Fixed Positive SOT-89-3 Voltage Regulators - Linear, Low Drop Out (LDO) R",82024,$0.1095,SMT,5
C75510,Preferred,LM317AG-TN3-R,UTC(Unisonic Tech),Power Management (PMIC),"Voltage Regulators - Linear, Low Drop Out (LDO) Regulators",TO-252-2(DPAK),-40℃~+85℃ 1 1.2V~37V 1.5A 40V 5V@(500mA) 80dB@(120Hz) Adjustable Over Current Protection、Over Temperature Protection、Sho,57575,$0.1769,SMT,2
C7440,Preferred,"PCF8563T/5,518",NXP Semicon,RTC/Clock Chip,Real-time Clocks (RTC),SO-8,-40℃~+85℃ 0.25uA 1V~5.5V Battery low-voltage detection、Programmable clock output、Alarm function、Countdown timer I2C Yes ,111809,$0.5733,SMT,1
C8959,Preferred,DS1302Z+T&R,Maxim Integrated,RTC/Clock Chip,Real-time Clocks (RTC),SOIC-8,0℃~+70℃ 1nA 2V~5.5V 300nA Backup power management and battery charging、InsideSRAM/NVRAM、Sleep/Wake control External SPI ,7528,$0.9733,SMT,1
C7593,Preferred,NE555DR,Texas Instruments,RTC/Clock Chip,Timers / Clock Oscillators,SOIC-8,0℃~+70℃ 10mA 4.5V~16V SOIC-8 555 Timers / Counters ROHS,156415,$0.1419,SMT,1
C11616,Preferred,0402WGF5103TCE,UNI-ROYAL(Uniroyal Elec),Resistors,Chip Resistor - Surface Mount,0402,-55℃~+155℃ 50V 510kΩ 62.5mW Thick Film Resistor ±1% ±100ppm/℃ 0402 Chip Resistor - Surface Mount ROHS,375824,$0.0007,SMT,20
C25082,Preferred,0402WGF1500TCE,UNI-ROYAL(Uniroyal Elec),Resistors,Chip Resistor - Surface Mount,0402,-55℃~+155℃ 150Ω 50V 62.5mW Thick Film Resistor ±1% ±100ppm/℃ 0402 Chip Resistor - Surface Mount ROHS,469338,$0.0007,SMT,20
C25086,Preferred,0402WGF100KTCE,UNI-ROYAL(Uniroyal Elec),Resistors,Chip Resistor - Surface Mount,0402,-55℃~+155℃ 1Ω 50V 62.5mW Thick Film Resistor ±1% ±200ppm/℃ 0402 Chip Resistor - Surface Mount ROHS,191103,$0.0010,SMT,20
C25102,Preferred,0402WGF3000TCE,UNI-ROYAL(Uniroyal Elec),Resistors,Chip Resistor - Surface Mount,0402,-55℃~+155℃ 300Ω 50V 62.5mW Thick Film Resistor ±1% ±100ppm/℃ 0402 Chip Resistor - Surface Mount ROHS,290508,$0.0006,SMT,20
C25118,Preferred,0402WGF470JTCE,UNI-ROYAL(Uniroyal Elec),Resistors,Chip Resistor - Surface Mount,0402,-55℃~+155℃ 47Ω 50V 62.5mW Thick Film Resistor ±1% ±100ppm/℃ 0402 Chip Resistor - Surface Mount ROHS,481882,$0.0007,SMT,20
C25125,Preferred,0402WGF510JTCE,UNI-ROYAL(Uniroyal Elec),Resistors,Chip Resistor - Surface Mount,0402,-55℃~+155℃ 50V 51Ω 62.5mW Thick Film Resistor ±1% ±100ppm/℃ 0402 Chip Resistor - Surface Mount ROHS,195096,$0.0007,SMT,20
C25130,Preferred,0402WGF6800TCE,UNI-ROYAL(Uniroyal Elec),Resistors,Chip Resistor - Surface Mount,0402,-55℃~+155℃ 50V 62.5mW 680Ω Thick Film Resistor ±1% ±100ppm/℃ 0402 Chip Resistor - Surface Mount ROHS,316974,$0.0007,SMT,20
C25133,Preferred,0402WGF750JTCE,UNI-ROYAL(Uniroyal Elec),Resistors,Chip Resistor - Surface Mount,0402,-55℃~+155℃ 50V 62.5mW 75Ω Thick Film Resistor ±1% ±100ppm/℃ 0402 Chip Resistor - Surface Mount ROHS,1160648,$0.0006,SMT,20
C25750,Preferred,0402WGF1203TCE,UNI-ROYAL(Uniroyal Elec),Resistors,Chip Resistor - Surface Mount,0402,-55℃~+155℃ 120kΩ 50V 62.5mW Thick Film Resistor ±1% ±100ppm/℃ 0402 Chip Resistor - Surface Mount ROHS,509581,$0.0007,SMT,20
C25755,Preferred,0402WGF1503TCE,UNI-ROYAL(Uniroyal Elec),Resistors,Chip Resistor - Surface Mount,0402,-55℃~+155℃ 150kΩ 50V 62.5mW Thick Film Resistor ±1% ±100ppm/℃ 0402 Chip Resistor - Surface Mount ROHS,40393,$0.0007,SMT,20
C25762,Preferred,0402WGF1802TCE,UNI-ROYAL(Uniroyal Elec),Resistors,Chip Resistor - Surface Mount,0402,-55℃~+155℃ 18kΩ 50V 62.5mW Thick Film Resistor ±1% ±100ppm/℃ 0402 Chip Resistor - Surface Mount ROHS,894031,$0.0008,SMT,20
C25767,Preferred,0402WGF2203TCE,UNI-ROYAL(Uniroyal Elec),Resistors,Chip Resistor - Surface Mount,0402,-55℃~+155℃ 220kΩ 50V 62.5mW Thick Film Resistor ±1% ±100ppm/℃ 0402 Chip Resistor - Surface Mount ROHS,487697,$0.0006,SMT,20
C25769,Preferred,0402WGF2402TCE,UNI-ROYAL(Uniroyal Elec),Resistors,Chip Resistor - Surface Mount,0402,-55℃~+155℃ 24kΩ 50V 62.5mW Thick Film Resistor ±1% ±100ppm/℃ 0402 Chip Resistor - Surface Mount ROHS,43160,$0.0007,SMT,20
C25771,Preferred,0402WGF2702TCE,UNI-ROYAL(Uniroyal Elec),Resistors,Chip Resistor - Surface Mount,0402,-55℃~+155℃ 27kΩ 50V 62.5mW Thick Film Resistor ±1% ±100ppm/℃ 0402 Chip Resistor - Surface Mount ROHS,397245,$0.0007,SMT,20
C25774,Preferred,0402WGF3003TCE,UNI-ROYAL(Uniroyal Elec),Resistors,Chip Resistor - Surface Mount,0402,-55℃~+155℃ 300kΩ 50V 62.5mW Thick Film Resistor ±1% ±100ppm/℃ 0402 Chip Resistor - Surface Mount ROHS,654605,$0.0007,SMT,20
C25778,Preferred,0402WGF3303TCE,UNI-ROYAL(Uniroyal Elec),Resistors,Chip Resistor - Surface Mount,0402,-55℃~+155℃ 330kΩ 50V 62.5mW Thick Film Resistor ±1% ±100ppm/℃ 0402 Chip Resistor - Surface Mount ROHS,37745,$0.0007,SMT,20
C25783,Preferred,0402WGF3902TCE,UNI-ROYAL(Uniroyal Elec),Resistors,Chip Resistor - Surface Mount,0402,-55℃~+155℃ 39kΩ 50V 62.5mW Thick Film Resistor ±1% ±100ppm/℃ 0402 Chip Resistor - Surface Mount ROHS,693104,$0.0007,SMT,20
C25790,Preferred,0402WGF4703TCE,UNI-ROYAL(Uniroyal Elec),Resistors,Chip Resistor - Surface Mount,0402,-55℃~+155℃ 470kΩ 50V 62.5mW Thick Film Resistor ±1% ±100ppm/℃ 0402 Chip Resistor - Surface Mount ROHS,45182,$0.0007,SMT,20
C25796,Preferred,0402WGF5602TCE,UNI-ROYAL(Uniroyal Elec),Resistors,Chip Resistor - Surface Mount,0402,-55℃~+155℃ 50V 56kΩ 62.5mW Thick Film Resistor ±1% ±100ppm/℃ 0402 Chip Resistor - Surface Mount ROHS,86710,$0.0006,SMT,20
C25798,Preferred,0402WGF7502TCE,UNI-ROYAL(Uniroyal Elec),Resistors,Chip Resistor - Surface Mount,0402,-55℃~+155℃ 50V 62.5mW 75kΩ Thick Film Resistor ±1% ±100ppm/℃ 0402 Chip Resistor - Surface Mount ROHS,404891,$0.0007,SMT,20
C25862,Preferred,0402WGF1201TCE,UNI-ROYAL(Uniroyal Elec),Resistors,Chip Resistor - Surface Mount,0402,-55℃~+155℃ 1.2kΩ 50V 62.5mW Thick Film Resistor ±1% ±100ppm/℃ 0402 Chip Resistor - Surface Mount ROHS,634766,$0.0007,SMT,20
C25882,Preferred,0402WGF2401TCE,UNI-ROYAL(Uniroyal Elec),Resistors,Chip Resistor - Surface Mount,0402,-55℃~+155℃ 2.4kΩ 50V 62.5mW Thick Film Resistor ±1% ±100ppm/℃ 0402 Chip Resistor - Surface Mount ROHS,1050233,$0.0007,SMT,20
C25897,Preferred,0402WGF4992TCE,UNI-ROYAL(Uniroyal Elec),Resistors,Chip Resistor - Surface Mount,0402,-55℃~+155℃ 49.9kΩ 50V 62.5mW Thick Film Resistor ±1% ±100ppm/℃ 0402 Chip Resistor - Surface Mount ROHS,49692,$0.0007,SMT,20
C25908,Preferred,0402WGF5601TCE,UNI-ROYAL(Uniroyal Elec),Resistors,Chip Resistor - Surface Mount,0402,-55℃~+155℃ 5.6kΩ 50V 62.5mW Thick Film Resistor ±1% ±100ppm/℃ 0402 Chip Resistor - Surface Mount ROHS,1001041,$0.0007,SMT,20
C25917,Preferred,0402WGF6801TCE,UNI-ROYAL(Uniroyal Elec),Resistors,Chip Resistor - Surface Mount,0402,-55℃~+155℃ 50V 6.8kΩ 62.5mW Thick Film Resistor ±1% ±100ppm/℃ 0402 Chip Resistor - Surface Mount ROHS,121204,$0.0007,SMT,20
C25918,Preferred,0402WGF7501TCE,UNI-ROYAL(Uniroyal Elec),Resistors,Chip Resistor - Surface Mount,0402,-55℃~+155℃ 50V 62.5mW 7.5kΩ Thick Film Resistor ±1% ±100ppm/℃ 0402 Chip Resistor - Surface Mount ROHS,1022097,$0.0007,SMT,20
C25924,Preferred,0402WGF8201TCE,UNI-ROYAL(Uniroyal Elec),Resistors,Chip Resistor - Surface Mount,0402,-55℃~+155℃ 50V 62.5mW 8.2kΩ Thick Film Resistor ±1% ±100ppm/℃ 0402 Chip Resistor - Surface Mount ROHS,152217,$0.0007,SMT,20
C36871,Preferred,0402WGF6802TCE,UNI-ROYAL(Uniroyal Elec),Resistors,Chip Resistor - Surface Mount,0402,-55℃~+155℃ 50V 62.5mW 68kΩ Thick Film Resistor ±1% ±100ppm/℃ 0402 Chip Resistor - Surface Mount ROHS,259583,$0.0007,SMT,20
C51721,Preferred,0402WGF3901TCE,UNI-ROYAL(Uniroyal Elec),Resistors,Chip Resistor - Surface Mount,0402,-55℃~+155℃ 3.9kΩ 50V 62.5mW Thick Film Resistor ±1% ±100ppm/℃ 0402 Chip Resistor - Surface Mount ROHS,49162,$0.0006,SMT,20
C4172,Preferred,0603WAF1504T5E,UNI-ROYAL(Uniroyal Elec),Resistors,Chip Resistor - Surface Mount,0603,-55℃~+155℃ 1.5MΩ 100mW 75V Thick Film Resistor ±1% ±100ppm/℃ 0603 Chip Resistor - Surface Mount ROHS,65344,$0.0015,SMT,20
C4197,Preferred,0603WAF2403T5E,UNI-ROYAL(Uniroyal Elec),Resistors,Chip Resistor - Surface Mount,0603,-55℃~+155℃ 100mW 240kΩ 75V Thick Film Resistor ±1% ±100ppm/℃ 0603 Chip Resistor - Surface Mount ROHS,482207,$0.0014,SMT,20
C12447,Preferred,0603WAF4022T5E,UNI-ROYAL(Uniroyal Elec),Resistors,Chip Resistor - Surface Mount,0603,-55℃~+155℃ 100mW 40.2kΩ 75V Thick Film Resistor ±1% ±100ppm/℃ 0603 Chip Resistor - Surface Mount ROHS,142070,$0.0013,SMT,20
C13320,Preferred,0603WAF5104T5E,UNI-ROYAL(Uniroyal Elec),Resistors,Chip Resistor - Surface Mount,0603,-55℃~+155℃ 100mW 5.1MΩ 75V Thick Film Resistor ±1% ±100ppm/℃ 0603 Chip Resistor - Surface Mount ROHS,16079,$0.0015,SMT,20
C22764,Preferred,0603WAF1101T5E,UNI-ROYAL(Uniroyal Elec),Resistors,Chip Resistor - Surface Mount,0603,-55℃~+155℃ 1.1kΩ 100mW 75V Thick Film Resistor ±1% ±100ppm/℃ 0603 Chip Resistor - Surface Mount ROHS,134176,$0.0013,SMT,20
C22795,Preferred,0603WAF1303T5E,UNI-ROYAL(Uniroyal Elec),Resistors,Chip Resistor - Surface Mount,0603,-55℃~+155℃ 100mW 130kΩ 75V Thick Film Resistor ±1% ±100ppm/℃ 0603 Chip Resistor - Surface Mount ROHS,38,$0.0014,SMT,20
C22810,Preferred,0603WAF150JT5E,UNI-ROYAL(Uniroyal Elec),Resistors,Chip Resistor - Surface Mount,0603,-55℃~+155℃ 100mW 15Ω 75V Thick Film Resistor ±1% ±100ppm/℃ 0603 Chip Resistor - Surface Mount ROHS,295575,$0.0012,SMT,20
C22813,Preferred,0603WAF1603T5E,UNI-ROYAL(Uniroyal Elec),Resistors,Chip Resistor - Surface Mount,0603,-55℃~+155℃ 100mW 160kΩ 75V Thick Film Resistor ±1% ±100ppm/℃ 0603 Chip Resistor - Surface Mount ROHS,242938,$0.0011,SMT,20
C22827,Preferred,0603WAF1803T5E,UNI-ROYAL(Uniroyal Elec),Resistors,Chip Resistor - Surface Mount,0603,-55℃~+155℃ 100mW 180kΩ 75V Thick Film Resistor ±1% ±100ppm/℃ 0603 Chip Resistor - Surface Mount ROHS,186974,$0.0013,SMT,20
C22828,Preferred,0603WAF1800T5E,UNI-ROYAL(Uniroyal Elec),Resistors,Chip Resistor - Surface Mount,0603,-55℃~+155℃ 100mW 180Ω 75V Thick Film Resistor ±1% ±100ppm/℃ 0603 Chip Resistor - Surface Mount ROHS,308677,$0.0013,SMT,20
C22938,Preferred,0603WAF2204T5E,UNI-ROYAL(Uniroyal Elec),Resistors,Chip Resistor - Surface Mount,0603,-55℃~+155℃ 100mW 2.2MΩ 75V Thick Film Resistor ±1% ±100ppm/℃ 0603 Chip Resistor - Surface Mount ROHS,17,$0.0016,SMT,20
C22965,Preferred,0603WAF2703T5E,UNI-ROYAL(Uniroyal Elec),Resistors,Chip Resistor - Surface Mount,0603,-55℃~+155℃ 100mW 270kΩ 75V Thick Film Resistor ±1% ±100ppm/℃ 0603 Chip Resistor - Surface Mount ROHS,107639,$0.0011,SMT,20
C23146,Preferred,0603WAF3603T5E,UNI-ROYAL(Uniroyal Elec),Resistors,Chip Resistor - Surface Mount,0603,-55℃~+155℃ 100mW 360kΩ 75V Thick Film Resistor ±1% ±100ppm/℃ 0603 Chip Resistor - Surface Mount ROHS,58770,$0.0012,SMT,20
C23147,Preferred,0603WAF3602T5E,UNI-ROYAL(Uniroyal Elec),Resistors,Chip Resistor - Surface Mount,0603,-55℃~+155℃ 100mW 36kΩ 75V Thick Film Resistor ±1% ±100ppm/℃ 0603 Chip Resistor - Surface Mount ROHS,169188,$0.0013,SMT,20
C23150,Preferred,0603WAF3903T5E,UNI-ROYAL(Uniroyal Elec),Resistors,Chip Resistor - Surface Mount,0603,-55℃~+155℃ 100mW 390kΩ 75V Thick Film Resistor ±1% ±100ppm/℃ 0603 Chip Resistor - Surface Mount ROHS,97422,$0.0010,SMT,20
C23156,Preferred,0603WAF3004T5E,UNI-ROYAL(Uniroyal Elec),Resistors,Chip Resistor - Surface Mount,0603,-55℃~+155℃ 100mW 3MΩ 75V Thick Film Resistor ±1% ±100ppm/℃ 0603 Chip Resistor - Surface Mount ROHS,317736,$0.0015,SMT,20
C23159,Preferred,0603WAF4301T5E,UNI-ROYAL(Uniroyal Elec),Resistors,Chip Resistor - Surface Mount,0603,-55℃~+155℃ 100mW 4.3kΩ 75V Thick Film Resistor ±1% ±100ppm/℃ 0603 Chip Resistor - Surface Mount ROHS,362418,$0.0012,SMT,20
C23163,Preferred,0603WAF4704T5E,UNI-ROYAL(Uniroyal Elec),Resistors,Chip Resistor - Surface Mount,0603,-55℃~+155℃ 100mW 4.7MΩ 75V Thick Film Resistor ±1% ±100ppm/℃ 0603 Chip Resistor - Surface Mount ROHS,42179,$0.0012,SMT,20
C23170,Preferred,0603WAF4300T5E,UNI-ROYAL(Uniroyal Elec),Resistors,Chip Resistor - Surface Mount,0603,-55℃~+155℃ 100mW 430Ω 75V Thick Film Resistor ±1% ±100ppm/℃ 0603 Chip Resistor - Surface Mount ROHS,238040,$0.0011,SMT,20
C23172,Preferred,0603WAF4302T5E,UNI-ROYAL(Uniroyal Elec),Resistors,Chip Resistor - Surface Mount,0603,-55℃~+155℃ 100mW 43kΩ 75V Thick Film Resistor ±1% ±100ppm/℃ 0603 Chip Resistor - Surface Mount ROHS,110734,$0.0012,SMT,20
C23203,Preferred,0603WAF5603T5E,UNI-ROYAL(Uniroyal Elec),Resistors,Chip Resistor - Surface Mount,0603,-55℃~+155℃ 100mW 560kΩ 75V Thick Film Resistor ±1% ±100ppm/℃ 0603 Chip Resistor - Surface Mount ROHS,218344,$0.0013,SMT,20
C23220,Preferred,0603WAF6200T5E,UNI-ROYAL(Uniroyal Elec),Resistors,Chip Resistor - Surface Mount,0603,-55℃~+155℃ 100mW 620Ω 75V Thick Film Resistor ±1% ±100ppm/℃ 0603 Chip Resistor - Surface Mount ROHS,53686,$0.0013,SMT,20
C23221,Preferred,0603WAF6202T5E,UNI-ROYAL(Uniroyal Elec),Resistors,Chip Resistor - Surface Mount,0603,-55℃~+155℃ 100mW 62kΩ 75V Thick Film Resistor ±1% ±100ppm/℃ 0603 Chip Resistor - Surface Mount ROHS,622867,$0.0012,SMT,20
C23240,Preferred,0603WAF7503T5E,UNI-ROYAL(Uniroyal Elec),Resistors,Chip Resistor - Surface Mount,0603,-55℃~+155℃ 100mW 750kΩ 75V Thick Film Resistor ±1% ±100ppm/℃ 0603 Chip Resistor - Surface Mount ROHS,37960,$0.0014,SMT,20
C23241,Preferred,0603WAF7500T5E,UNI-ROYAL(Uniroyal Elec),Resistors,Chip Resistor - Surface Mount,0603,-55℃~+155℃ 100mW 750Ω 75V Thick Film Resistor ±1% ±100ppm/℃ 0603 Chip Resistor - Surface Mount ROHS,150922,$0.0013,SMT,20
C23255,Preferred,0603WAF820JT5E,UNI-ROYAL(Uniroyal Elec),Resistors,Chip Resistor - Surface Mount,0603,-55℃~+155℃ 100mW 75V 82Ω Thick Film Resistor ±1% ±100ppm/℃ 0603 Chip Resistor - Surface Mount ROHS,88774,$0.0013,SMT,20
C23265,Preferred,0603WAF9102T5E,UNI-ROYAL(Uniroyal Elec),Resistors,Chip Resistor - Surface Mount,0603,-55℃~+155℃ 100mW 75V 91kΩ Thick Film Resistor ±1% ±100ppm/℃ 0603 Chip Resistor - Surface Mount ROHS,27306,$0.0015,SMT,20
C23350,Preferred,0603WAF2400T5E,UNI-ROYAL(Uniroyal Elec),Resistors,Chip Resistor - Surface Mount,0603,-55℃~+155℃ 100mW 240Ω 75V Thick Film Resistor ±1% ±100ppm/℃ 0603 Chip Resistor - Surface Mount ROHS,399797,$0.0011,SMT,20
C25190,Preferred,0603WAF270JT5E,UNI-ROYAL(Uniroyal Elec),Resistors,Chip Resistor - Surface Mount,0603,-55℃~+155℃ 100mW 27Ω 75V Thick Film Resistor ±1% ±200ppm/℃ 0603 Chip Resistor - Surface Mount ROHS,251636,$0.0014,SMT,20
C25194,Preferred,0603WAF3600T5E,UNI-ROYAL(Uniroyal Elec),Resistors,Chip Resistor - Surface Mount,0603,-55℃~+155℃ 100mW 360Ω 75V Thick Film Resistor ±1% ±100ppm/℃ 0603 Chip Resistor - Surface Mount ROHS,103231,$0.0011,SMT,20
C25196,Preferred,0603WAF560JT5E,UNI-ROYAL(Uniroyal Elec),Resistors,Chip Resistor - Surface Mount,0603,-55℃~+155℃ 100mW 56Ω 75V Thick Film Resistor ±1% ±200ppm/℃ 0603 Chip Resistor - Surface Mount ROHS,564355,$0.0011,SMT,20
C25805,Preferred,0603WAF1103T5E,UNI-ROYAL(Uniroyal Elec),Resistors,Chip Resistor - Surface Mount,0603,-55℃~+155℃ 100mW 110kΩ 75V Thick Film Resistor ±1% ±100ppm/℃ 0603 Chip Resistor - Surface Mount ROHS,697743,$0.0011,SMT,20
C25822,Preferred,0603WAF6803T5E,UNI-ROYAL(Uniroyal Elec),Resistors,Chip Resistor - Surface Mount,0603,-55℃~+155℃ 100mW 680kΩ 75V Thick Film Resistor ±1% ±100ppm/℃ 0603 Chip Resistor - Surface Mount ROHS,147671,$0.0012,SMT,20
C25950,Preferred,0603WAF1102T5E,UNI-ROYAL(Uniroyal Elec),Resistors,Chip Resistor - Surface Mount,0603,-55℃~+155℃ 100mW 11kΩ 75V Thick Film Resistor ±1% ±100ppm/℃ 0603 Chip Resistor - Surface Mount ROHS,340137,$0.0010,SMT,20
C25969,Preferred,0603WAF4303T5E,UNI-ROYAL(Uniroyal Elec),Resistors,Chip Resistor - Surface Mount,0603,-55℃~+155℃ 100mW 430kΩ 75V Thick Film Resistor ±1% ±100ppm/℃ 0603 Chip Resistor - Surface Mount ROHS,126549,$0.0011,SMT,20
C27592,Preferred,0603WAF680JT5E,UNI-ROYAL(Uniroyal Elec),Resistors,Chip Resistor - Surface Mount,0603,-55℃~+155℃ 100mW 68Ω 75V Thick Film Resistor ±1% ±100ppm/℃ 0603 Chip Resistor - Surface Mount ROHS,2404229,$0.0011,SMT,20
C4360,Preferred,0805W8F3602T5E,UNI-ROYAL(Uniroyal Elec),Resistors,Chip Resistor - Surface Mount,0805,-55℃~+155℃ 125mW 150V 36kΩ Thick Film Resistor ±1% ±100ppm/℃ 0805 Chip Resistor - Surface Mount ROHS,13872,$0.0024,SMT,20
C17398,Preferred,0805W8F1801T5E,UNI-ROYAL(Uniroyal Elec),Resistors,Chip Resistor - Surface Mount,0805,-55℃~+155℃ 1.8kΩ 125mW 150V Thick Film Resistor ±1% ±100ppm/℃ 0805 Chip Resistor - Surface Mount ROHS,175425,$0.0021,SMT,20
C17429,Preferred,0805W8F1102T5E,UNI-ROYAL(Uniroyal Elec),Resistors,Chip Resistor - Surface Mount,0805,-55℃~+155℃ 11kΩ 125mW 150V Thick Film Resistor ±1% ±100ppm/℃ 0805 Chip Resistor - Surface Mount ROHS,48922,$0.0021,SMT,20
C17436,Preferred,0805W8F1203T5E,UNI-ROYAL(Uniroyal Elec),Resistors,Chip Resistor - Surface Mount,0805,-55℃~+155℃ 120kΩ 125mW 150V Thick Film Resistor ±1% ±100ppm/℃ 0805 Chip Resistor - Surface Mount ROHS,220663,$0.0020,SMT,20
C17455,Preferred,0805W8F1302T5E,UNI-ROYAL(Uniroyal Elec),Resistors,Chip Resistor - Surface Mount,0805,-55℃~+155℃ 125mW 13kΩ 150V Thick Film Resistor ±1% ±100ppm/℃ 0805 Chip Resistor - Surface Mount ROHS,29353,$0.0023,SMT,20
C17480,Preferred,0805W8F150JT5E,UNI-ROYAL(Uniroyal Elec),Resistors,Chip Resistor - Surface Mount,0805,-55℃~+155℃ 125mW 150V 15Ω Thick Film Resistor ±1% ±100ppm/℃ 0805 Chip Resistor - Surface Mount ROHS,457265,$0.0021,SMT,20
C17490,Preferred,0805W8F1602T5E,UNI-ROYAL(Uniroyal Elec),Resistors,Chip Resistor - Surface Mount,0805,-55℃~+155℃ 125mW 150V 16kΩ Thick Film Resistor ±1% ±100ppm/℃ 0805 Chip Resistor - Surface Mount ROHS,134057,$0.0019,SMT,20
C17501,Preferred,0805W8F1803T5E,UNI-ROYAL(Uniroyal Elec),Resistors,Chip Resistor - Surface Mount,0805,-55℃~+155℃ 125mW 150V 180kΩ Thick Film Resistor ±1% ±100ppm/℃ 0805 Chip Resistor - Surface Mount ROHS,97171,$0.0020,SMT,20
C17506,Preferred,0805W8F1802T5E,UNI-ROYAL(Uniroyal Elec),Resistors,Chip Resistor - Surface Mount,0805,-55℃~+155℃ 125mW 150V 18kΩ Thick Film Resistor ±1% ±100ppm/℃ 0805 Chip Resistor - Surface Mount ROHS,177574,$0.0021,SMT,20
C17572,Preferred,0805W8F2400T5E,UNI-ROYAL(Uniroyal Elec),Resistors,Chip Resistor - Surface Mount,0805,-55℃~+155℃ 125mW 150V 240Ω Thick Film Resistor ±1% ±100ppm/℃ 0805 Chip Resistor - Surface Mount ROHS,240801,$0.0024,SMT,20
C17589,Preferred,0805W8F2703T5E,UNI-ROYAL(Uniroyal Elec),Resistors,Chip Resistor - Surface Mount,0805,-55℃~+155℃ 125mW 150V 270kΩ Thick Film Resistor ±1% ±100ppm/℃ 0805 Chip Resistor - Surface Mount ROHS,66123,$0.0022,SMT,20
C17590,Preferred,0805W8F2700T5E,UNI-ROYAL(Uniroyal Elec),Resistors,Chip Resistor - Surface Mount,0805,-55℃~+155℃ 125mW 150V 270Ω Thick Film Resistor ±1% ±100ppm/℃ 0805 Chip Resistor - Surface Mount ROHS,43531,$0.0023,SMT,20
C17594,Preferred,0805W8F270JT5E,UNI-ROYAL(Uniroyal Elec),Resistors,Chip Resistor - Surface Mount,0805,-55℃~+155℃ 125mW 150V 27Ω Thick Film Resistor ±1% ±100ppm/℃ 0805 Chip Resistor - Surface Mount ROHS,223991,$0.0020,SMT,20
C17606,Preferred,0805W8F200KT5E,UNI-ROYAL(Uniroyal Elec),Resistors,Chip Resistor - Surface Mount,0805,-55℃~+155℃ 125mW 150V 2Ω Thick Film Resistor ±1% ±200ppm/℃ 0805 Chip Resistor - Surface Mount ROHS,145473,$0.0033,SMT,20
C17616,Preferred,0805W8F3003T5E,UNI-ROYAL(Uniroyal Elec),Resistors,Chip Resistor - Surface Mount,0805,-55℃~+155℃ 125mW 150V 300kΩ Thick Film Resistor ±1% ±100ppm/℃ 0805 Chip Resistor - Surface Mount ROHS,464442,$0.0019,SMT,20
C17629,Preferred,0805W8F3303T5E,UNI-ROYAL(Uniroyal Elec),Resistors,Chip Resistor - Surface Mount,0805,-55℃~+155℃ 125mW 150V 330kΩ Thick Film Resistor ±1% ±100ppm/℃ 0805 Chip Resistor - Surface Mount ROHS,129323,$0.0024,SMT,20
C17656,Preferred,0805W8F3903T5E,UNI-ROYAL(Uniroyal Elec),Resistors,Chip Resistor - Surface Mount,0805,-55℃~+155℃ 125mW 150V 390kΩ Thick Film Resistor ±1% ±100ppm/℃ 0805 Chip Resistor - Surface Mount ROHS,52318,$0.0022,SMT,20
C17667,Preferred,0805W8F4301T5E,UNI-ROYAL(Uniroyal Elec),Resistors,Chip Resistor - Surface Mount,0805,-55℃~+155℃ 125mW 150V 4.3kΩ Thick Film Resistor ±1% ±100ppm/℃ 0805 Chip Resistor - Surface Mount ROHS,297582,$0.0020,SMT,20
C17695,Preferred,0805W8F4302T5E,UNI-ROYAL(Uniroyal Elec),Resistors,Chip Resistor - Surface Mount,0805,-55℃~+155℃ 125mW 150V 43kΩ Thick Film Resistor ±1% ±100ppm/℃ 0805 Chip Resistor - Surface Mount ROHS,161055,$0.0018,SMT,20
C17719,Preferred,0805W8F4992T5E,UNI-ROYAL(Uniroyal Elec),Resistors,Chip Resistor - Surface Mount,0805,-55℃~+155℃ 125mW 150V 49.9kΩ Thick Film Resistor ±1% ±100ppm/℃ 0805 Chip Resistor - Surface Mount ROHS,12818,$0.0023,SMT,20
C17733,Preferred,0805W8F5103T5E,UNI-ROYAL(Uniroyal Elec),Resistors,Chip Resistor - Surface Mount,0805,-55℃~+155℃ 125mW 150V 510kΩ Thick Film Resistor ±1% ±100ppm/℃ 0805 Chip Resistor - Surface Mount ROHS,25894,$0.0019,SMT,20
C17756,Preferred,0805W8F5602T5E,UNI-ROYAL(Uniroyal Elec),Resistors,Chip Resistor - Surface Mount,0805,-55℃~+155℃ 125mW 150V 56kΩ Thick Film Resistor ±1% ±100ppm/℃ 0805 Chip Resistor - Surface Mount ROHS,64462,$0.0023,SMT,20
C17757,Preferred,0805W8F560JT5E,UNI-ROYAL(Uniroyal Elec),Resistors,Chip Resistor - Surface Mount,0805,-55℃~+155℃ 125mW 150V 56Ω Thick Film Resistor ±1% ±100ppm/℃ 0805 Chip Resistor - Surface Mount ROHS,14916,$0.0022,SMT,20
C17767,Preferred,0805W8F6201T5E,UNI-ROYAL(Uniroyal Elec),Resistors,Chip Resistor - Surface Mount,0805,-55℃~+155℃ 125mW 150V 6.2kΩ Thick Film Resistor ±1% ±100ppm/℃ 0805 Chip Resistor - Surface Mount ROHS,117952,$0.0021,SMT,20
C17783,Preferred,0805W8F6202T5E,UNI-ROYAL(Uniroyal Elec),Resistors,Chip Resistor - Surface Mount,0805,-55℃~+155℃ 125mW 150V 62kΩ Thick Film Resistor ±1% ±100ppm/℃ 0805 Chip Resistor - Surface Mount ROHS,518112,$0.0023,SMT,20
C17797,Preferred,0805W8F6803T5E,UNI-ROYAL(Uniroyal Elec),Resistors,Chip Resistor - Surface Mount,0805,-55℃~+155℃ 125mW 150V 680kΩ Thick Film Resistor ±1% ±100ppm/℃ 0805 Chip Resistor - Surface Mount ROHS,141957,$0.0019,SMT,20
C17802,Preferred,0805W8F680JT5E,UNI-ROYAL(Uniroyal Elec),Resistors,Chip Resistor - Surface Mount,0805,-55℃~+155℃ 125mW 150V 68Ω Thick Film Resistor ±1% ±200ppm/℃ 0805 Chip Resistor - Surface Mount ROHS,245060,$0.0021,SMT,20
C17807,Preferred,0805W8F7501T5E,UNI-ROYAL(Uniroyal Elec),Resistors,Chip Resistor - Surface Mount,0805,-55℃~+155℃ 125mW 150V 7.5kΩ Thick Film Resistor ±1% ±100ppm/℃ 0805 Chip Resistor - Surface Mount ROHS,78725,$0.0020,SMT,20
C17818,Preferred,0805W8F7500T5E,UNI-ROYAL(Uniroyal Elec),Resistors,Chip Resistor - Surface Mount,0805,-55℃~+155℃ 125mW 150V 750Ω Thick Film Resistor ±1% ±100ppm/℃ 0805 Chip Resistor - Surface Mount ROHS,111007,$0.0023,SMT,20
C17819,Preferred,0805W8F7502T5E,UNI-ROYAL(Uniroyal Elec),Resistors,Chip Resistor - Surface Mount,0805,-55℃~+155℃ 125mW 150V 75kΩ Thick Film Resistor ±1% ±100ppm/℃ 0805 Chip Resistor - Surface Mount ROHS,97971,$0.0019,SMT,20
C17837,Preferred,0805W8F8200T5E,UNI-ROYAL(Uniroyal Elec),Resistors,Chip Resistor - Surface Mount,0805,-55℃~+155℃ 125mW 150V 820Ω Thick Film Resistor ±1% ±100ppm/℃ 0805 Chip Resistor - Surface Mount ROHS,175902,$0.0022,SMT,20
C17840,Preferred,0805W8F8202T5E,UNI-ROYAL(Uniroyal Elec),Resistors,Chip Resistor - Surface Mount,0805,-55℃~+155℃ 125mW 150V 82kΩ Thick Film Resistor ±1% ±100ppm/℃ 0805 Chip Resistor - Surface Mount ROHS,236085,$0.0019,SMT,20
C17855,Preferred,0805W8F9101T5E,UNI-ROYAL(Uniroyal Elec),Resistors,Chip Resistor - Surface Mount,0805,-55℃~+155℃ 125mW 150V 9.1kΩ Thick Film Resistor ±1% ±100ppm/℃ 0805 Chip Resistor - Surface Mount ROHS,15652,$0.0025,SMT,20
C18359,Preferred,0805W8F3601T5E,UNI-ROYAL(Uniroyal Elec),Resistors,Chip Resistor - Surface Mount,0805,-55℃~+155℃ 125mW 150V 3.6kΩ Thick Film Resistor ±1% ±100ppm/℃ 0805 Chip Resistor - Surface Mount ROHS,68028,$0.0022,SMT,20
C25270,Preferred,0805W8F1800T5E,UNI-ROYAL(Uniroyal Elec),Resistors,Chip Resistor - Surface Mount,0805,-55℃~+155℃ 125mW 150V 180Ω Thick Film Resistor ±1% ±100ppm/℃ 0805 Chip Resistor - Surface Mount ROHS,744364,$0.0025,SMT,20
C25826,Preferred,0805W8F3902T5E,UNI-ROYAL(Uniroyal Elec),Resistors,Chip Resistor - Surface Mount,0805,-55℃~+155℃ 125mW 150V 39kΩ Thick Film Resistor ±1% ±100ppm/℃ 0805 Chip Resistor - Surface Mount ROHS,148497,$0.0025,SMT,20
C26108,Preferred,0805W8F1005T5E,UNI-ROYAL(Uniroyal Elec),Resistors,Chip Resistor - Surface Mount,0805,-55℃~+155℃ 10MΩ 125mW 150V Thick Film Resistor ±1% ±100ppm/℃ 0805 Chip Resistor - Surface Mount ROHS,168460,$0.0030,SMT,20
C26112,Preferred,0805W8F2004T5E,UNI-ROYAL(Uniroyal Elec),Resistors,Chip Resistor - Surface Mount,0805,-55℃~+155℃ 125mW 150V 2MΩ Thick Film Resistor ±1% ±100ppm/℃ 0805 Chip Resistor - Surface Mount ROHS,303,$0.0027,SMT,20
C26113,Preferred,0805W8F2204T5E,UNI-ROYAL(Uniroyal Elec),Resistors,Chip Resistor - Surface Mount,0805,-55℃~+155℃ 125mW 150V 2.2MΩ Thick Film Resistor ±1% ±100ppm/℃ 0805 Chip Resistor - Surface Mount ROHS,93329,$0.0030,SMT,20
C17924,Preferred,1206W4F1800T5E,UNI-ROYAL(Uniroyal Elec),Resistors,Chip Resistor - Surface Mount,1206,-55℃~+155℃ 180Ω 200V 250mW Thick Film Resistor ±1% ±100ppm/℃ 1206 Chip Resistor - Surface Mount ROHS,60429,$0.0040,SMT,15
C17985,Preferred,1206W4F7500T5E,UNI-ROYAL(Uniroyal Elec),Resistors,Chip Resistor - Surface Mount,1206,-55℃~+155℃ 200V 250mW 750Ω Thick Film Resistor ±1% ±100ppm/℃ 1206 Chip Resistor - Surface Mount ROHS,52697,$0.0035,SMT,15
C22107,Preferred,1206W4F1204T5E,UNI-ROYAL(Uniroyal Elec),Resistors,Chip Resistor - Surface Mount,1206,-55℃~+155℃ 1.2MΩ 200V 250mW Thick Film Resistor ±1% ±100ppm/℃ 1206 Chip Resistor - Surface Mount ROHS,1899,$0.0049,SMT,15
C25725,Preferred,4D02WGJ0103TCE,UNI-ROYAL(Uniroyal Elec),Resistors,"Resistor Networks, Arrays",0402x4,"10kΩ 4 62.5mW 8 ±200ppm/℃ ±5% 0402x4 Resistor Networks, Arrays ROHS",93907,$0.0053,SMT,20
C25510,Preferred,4D03WGJ0471T5E,UNI-ROYAL(Uniroyal Elec),Resistors,"Resistor Networks, Arrays",0603x4,"4 470Ω 62.5mW 8 ±200ppm/℃ ±5% 0603x4 Resistor Networks, Arrays ROHS",107127,$0.0069,SMT,1
C24112,Preferred,MPU-6050,TDK InvenSense,Sensors,Attitude Sensor/Gyroscope,QFN-24-EP(4x4),"-40℃~+85℃ 16bit 1KB 2.375V~3.46V 5uA Accelerometer Gyroscope I2C X,Y,Z X,Y,Z ±16g ±2000dps QFN-24-EP(4x4) Accelerometers",12100,$7.3926,SMT,1
C15879,Preferred,SMF05CT1G,onsemi,TVS/Fuse/Board Level Protection,ESD Protection Devices,SC-88,-40℃~+125℃ 100W@8/20us 12.5V 5 5V 7.2V 70nA 80pF 8A@8/20us IEC 61000-4-2 TVS SC-88 ESD and Surge Protection (TVS/ESD) RO,52884,$0.1600,SMT,5
C7420373,Preferred,H5VL06B,hongjiacheng,TVS/Fuse/Board Level Protection,ESD Protection Devices,DFN0603-2,-55℃~+125℃ 1 100nA 10V 15pF 5.6V 5V 80W 8A Bidirectional ESD IEC 61000-4-2、IEC 61000-4-5 DFN0603-2 ESD and Surge Protect,1030211,$0.0089,SMT,20
C7420372,Preferred,H5VL10B,hongjiacheng,TVS/Fuse/Board Level Protection,ESD Protection Devices,DFN1006-2L,-55℃~+125℃ 1 100nA 10V 15pF 5.6V 50W 5A 5V Bidirectional ESD IEC 61000-4-2、IEC 61000-4-5 DFN1006-2L ESD and Surge Protec,3495863,$0.0060,SMT,20
C7420375,Preferred,SM712,hongjiacheng,TVS/Fuse/Board Level Protection,ESD Protection Devices,SOT-23,-55℃~+125℃ 12A 16V、26V 1uA、2uA 2 300W 7.5V、13.5V 75pF 7V、12V Bidirectional ESD IEC 61000-4-2、IEC 61000-4-5 SOT-23 ESD an,104740,$0.0653,SMT,5
C7420376,Preferred,SRV05-4,hongjiacheng,TVS/Fuse/Board Level Protection,ESD Protection Devices,SOT-23-6L,-55℃~+150℃ 15V 1pF 4A 5V 5uA 6V 80W ESD Four channels IEC 61000-4-2、IEC 61000-4-5 Unidirectional SOT-23-6L ESD and Surge,125183,$0.0764,SMT,5
C20617908,Preferred,H3V3U06B,hongjiacheng,TVS/Fuse/Board Level Protection,Electrostatic and Surge Protection (TVS/ESD),DFN0603-2L,-55℃~+125℃ 0.5pF 125W@8/20us 200nA 25V 3.3V 5A@8/20us 9V Bidirectional ESD IEC 61000-4-2、IEC 61000-4-5 DFN0603-2L ESD an,29197,$0.0188,SMT,20
C20615781,Preferred,H3V3L10B,hongjiacheng,TVS/Fuse/Board Level Protection,Electrostatic and Surge Protection (TVS/ESD),DFN1006-2L,-55℃~+155℃ 11V 20pF 3.3V 5.5V 500nA 85W@8/20us 8A@8/20us Bidirectional ESD IEC 61000-4-2、IEC 61000-4-5 DFN1006-2L ESD an,19309,$0.0108,SMT,20
C20615797,Preferred,H10VH16U,hongjiacheng,TVS/Fuse/Board Level Protection,Electrostatic and Surge Protection (TVS/ESD),DFN1610-2L,-55℃~+155℃ 1.58kW@8/20us 100nA 10V 13.5V 22V 550pF 72A@8/20us ESD IEC 61000-4-2、IEC 61000-4-5 Unidirectional DFN1610-2L ,2672,$0.0376,SMT,5
C19077513,Preferred,SMF18CA,hongjiacheng,TVS/Fuse/Board Level Protection,Electrostatic and Surge Protection (TVS/ESD),SOD-123FL,1 18V 1uA 200W@10/1000us 22.1V 29.2V 6.8A@10/1000us Bidirectional IEC 61000-4-2 TVS SOD-123FL ESD and Surge Protection (,191407,$0.0258,SMT,15
C20615801,Preferred,H3V3HD3U,hongjiacheng,TVS/Fuse/Board Level Protection,Electrostatic and Surge Protection (TVS/ESD),SOD-323,-55℃~+125℃ 14V 200pF 20A@8/20us 3.3V 300W@8/20us 500nA 7V ESD IEC 61000-4-2、IEC 61000-4-5 Unidirectional SOD-323 ESD and,81155,$0.0204,SMT,5
C20615804,Preferred,H5VHD3BC,hongjiacheng,TVS/Fuse/Board Level Protection,Electrostatic and Surge Protection (TVS/ESD),SOD-323,-55℃~+155℃ 100pF 16V 200nA 25A@8/20us 400W@8/20us 5V 6V Bidirectional ESD IEC 61000-4-2、IEC 61000-4-5 SOD-323 ESD and Su,70056,$0.0274,SMT,20
C20615808,Preferred,H8VHD3B,hongjiacheng,TVS/Fuse/Board Level Protection,Electrostatic and Surge Protection (TVS/ESD),SOD-323,-55℃~+125℃ 100nA 11.5V 120pF 20A@8/20us 25V 500W@8/20us 8V Bidirectional ESD IEC 61000-4-2、IEC 61000-4-5 SOD-323 ESD and,39992,$0.0188,SMT,20
C20615828,Preferred,H36VLT2B,hongjiacheng,TVS/Fuse/Board Level Protection,Electrostatic and Surge Protection (TVS/ESD),SOT-23,18pF 1uA 300W@8/20us 36V 45V 4A@8/20us 75V Bidirectional ESD IEC 61000-4-2、IEC 61000-4-5 SOT-23 ESD and Surge Protection,7777,$0.0413,SMT,5
C20617924,Preferred,H3V3HT2U,hongjiacheng,TVS/Fuse/Board Level Protection,Electrostatic and Surge Protection (TVS/ESD),SOT-23,-55℃~+125℃ 14V 200pF 25A@8/20us 280W@8/20us 3.3V 500nA 7V ESD IEC 61000-4-2、IEC 61000-4-5 Unidirectional SOT-23 ESD and ,18836,$0.0261,SMT,10
C2925441,Preferred,SMBJ30CA,Liown,TVS/Fuse/Board Level Protection,TVS,SMB(DO-214AA),-55℃~+150℃ 12.4A 1uA 30V 33.3V 48.4V 600W Bidirectional IEC 61000-4-2 TVS SMB(DO-214AA) ESD and Surge Protection (TVS/ES,161171,$0.0379,SMT,5
C2925451,Preferred,SMBJ6.0CA,Liown,TVS/Fuse/Board Level Protection,TVS,SMB(DO-214AA),10.3V 58.3A 6.67V 600W 6V 800uA Bidirectional IEC 61000-4-2 TVS SMB(DO-214AA) ESD and Surge Protection (TVS/ESD) ROHS,52821,$0.0412,SMT,5
C2925443,Preferred,SMAJ5.0A,Liown,TVS/Fuse/Board Level Protection,TVS,SMA(DO-214AC),-55℃~+150℃ 400W 43.5A 5V 6.4V 800uA 9.2V IEC 61000-4-2 TVS Unidirectional SMA(DO-214AC) ESD and Surge Protection (TVS/ES,48351,$0.0329,SMT,5
C85364,Preferred,SRV05-4-P-T7,ProTek Devices,TVS/Fuse/Board Level Protection,TVS,SOT-23-6,12V 1A@8/20us 3.5pF 500W@8/20us 5V 5uA 6V ESD Four channels IEC 61000-4-2、IEC 61000-4-5、IEC 61000-4-4 SOT-23-6 ESD and S,20621,$0.1693,SMT,5
C2990261,Preferred,SMDJ64CA,Liown,TVS/Fuse/Board Level Protection,TVS,SMC(DO-214AB),-55℃~+150℃ 103V 1uA 29.1A 3kW 64V 71.1V Bidirectional IEC 61000-4-2 TVS SMC(DO-214AB) ESD and Surge Protection (TVS/ESD),1011,$0.1979,SMT,2
C2149,Preferred,S9015(RANGE:300-400),Changjiang Electronics Tech (CJ),Transistors/Thyristors,Bipolar (BJT),SOT-23,-55℃~+150℃ 1 PNP 100mA 100nA 150MHz 200 200mW 300mV 45V 5V PNP SOT-23 Bipolar (BJT) ROHS,376214,$0.0109,SMT,10
C364310,Preferred,MMBT3904-1AM(RANGE:100-300),MDD（Microdiode Electronics）,Transistors/Thyristors,Bipolar (BJT),SOT-23,-55℃~+150℃ 1 NPN 100nA 200mA 200mW 300 300MHz 300mV 40V 6V NPN SOT-23 Bipolar (BJT) ROHS,157169,$0.0069,SMT,10
C364312,Preferred,S8050,MDD（Microdiode Electronics）,Transistors/Thyristors,Bipolar (BJT),SOT-23,-55℃~+150℃ 1 NPN 100nA 150MHz 25V 300mW 400 500mA 5V 600mV NPN SOT-23 Bipolar (BJT) ROHS,1335976,$0.0102,SMT,10
C408396,Preferred,MMBT5551,MDD（Microdiode Electronics）,Transistors/Thyristors,Bipolar (BJT),SOT-23,-55℃~+150℃ 1 NPN 160V 200mV 300 300MHz 300mW 50nA 600mA 6V NPN SOT-23 Bipolar (BJT) ROHS,604324,$0.0121,SMT,10
C431710,Preferred,SS8050,MDD（Microdiode Electronics）,Transistors/Thyristors,Bipolar (BJT),SOT-23,-55℃~+150℃ 1 NPN 1.5A 100MHz 100nA 25V 300mW 400 500mV 5V NPN SOT-23 Bipolar (BJT) ROHS,1444661,$0.0125,SMT,10
C24278,Preferred,B772(RANGE:160-320),Changjiang Electronics Tech (CJ),Transistors/Thyristors,Bipolar (BJT),SOT-89-3L,-55℃~+150℃ 1 PNP 160 1uA 30V 3A 500mV 500mW 50MHz 6V PNP SOT-89-3L Bipolar (BJT) ROHS,96091,$0.0538,SMT,5
C41375111,Preferred,BCP51-16,hongjiacheng,Transistors/Thyristors,Bipolar (BJT),SOT-223,,2618,$0.0622,SMT,2
C41375112,Preferred,FZT955,hongjiacheng,Transistors/Thyristors,Bipolar (BJT),SOT-223,,5536,$0.1376,SMT,2
C41375109,Preferred,BCP56-16,hongjiacheng,Transistors/Thyristors,Bipolar (BJT),SOT-223,,16712,$0.0653,SMT,2
C41375110,Preferred,BCP53-16,hongjiacheng,Transistors/Thyristors,Bipolar (BJT),SOT-223,,8328,$0.0727,SMT,2
C41376085,Preferred,BCP55-16,hongjiacheng,Transistors/Thyristors,Bipolar (BJT),SOT-223,,18880,$0.0508,SMT,2
C7420355,Preferred,MMBT4401,hongjiacheng,Transistors/Thyristors,Bipolar (BJT),SOT-23,,563156,$0.0135,SMT,10
C41375113,Preferred,MMBTA94,hongjiacheng,Transistors/Thyristors,Bipolar (BJT),SOT-23,,19925,$0.0428,SMT,5
C41375115,Preferred,MMBTA55,hongjiacheng,Transistors/Thyristors,Bipolar (BJT),SOT-23,,25700,$0.0243,SMT,10
C41375128,Preferred,FMMT491,hongjiacheng,Transistors/Thyristors,Bipolar (BJT),SOT-23,,43861,$0.0341,SMT,5
C41375129,Preferred,A1015,hongjiacheng,Transistors/Thyristors,Bipolar (BJT),SOT-23,,20459,$0.0085,SMT,10
C41375130,Preferred,S9018,hongjiacheng,Transistors/Thyristors,Bipolar (BJT),SOT-23,,37656,$0.0125,SMT,10
C41375133,Preferred,BC807-16,hongjiacheng,Transistors/Thyristors,Bipolar (BJT),SOT-23,,9960,$0.0161,SMT,10
C41375114,Preferred,MMBTA05,hongjiacheng,Transistors/Thyristors,Bipolar (BJT),SOT-23,,34313,$0.0227,SMT,10
C41375131,Preferred,2SC2412,hongjiacheng,Transistors/Thyristors,Bipolar (BJT),SOT-23,,16567,$0.0102,SMT,10
C41375132,Preferred,FMMT591,hongjiacheng,Transistors/Thyristors,Bipolar (BJT),SOT-23,,17623,$0.0341,SMT,5
C22388837,Preferred,MMST3904,hongjiacheng,Transistors/Thyristors,Bipolar (BJT),SOT-323,,441961,$0.0128,SMT,10
C41375126,Preferred,BC847BS,hongjiacheng,Transistors/Thyristors,Bipolar (BJT),SOT-363,,24791,$0.0228,SMT,10
C41375117,Preferred,MMDT2227,hongjiacheng,Transistors/Thyristors,Bipolar (BJT),SOT-363,,19945,$0.0575,SMT,5
C41375116,Preferred,MMDT5551,hongjiacheng,Transistors/Thyristors,Bipolar (BJT),SOT-363,,58347,$0.0419,SMT,5
C41375125,Preferred,MMDT3904,hongjiacheng,Transistors/Thyristors,Bipolar (BJT),SOT-363,,65816,$0.0247,SMT,10
C41375139,Preferred,2SA1013,hongjiacheng,Transistors/Thyristors,Bipolar (BJT),SOT-89,,16304,$0.0550,SMT,5
C41375127,Preferred,2SD2391,hongjiacheng,Transistors/Thyristors,Bipolar (BJT),SOT-89,,23987,$0.0441,SMT,5
C41375134,Preferred,B772,hongjiacheng,Transistors/Thyristors,Bipolar (BJT),SOT-89,,58095,$0.0468,SMT,5
C41375135,Preferred,BCX53-16,hongjiacheng,Transistors/Thyristors,Bipolar (BJT),SOT-89,,75978,$0.0428,SMT,5
C41375136,Preferred,PXT8050,hongjiacheng,Transistors/Thyristors,Bipolar (BJT),SOT-89,,15126,$0.0204,SMT,5
C41375138,Preferred,CXT5551,hongjiacheng,Transistors/Thyristors,Bipolar (BJT),SOT-89,,89727,$0.0258,SMT,5
C41375119,Preferred,2SD1664,hongjiacheng,Transistors/Thyristors,Bipolar (BJT),SOT-89,,5815,$0.0431,SMT,5
C41375120,Preferred,BCX55-16,hongjiacheng,Transistors/Thyristors,Bipolar (BJT),SOT-89,,10072,$0.0521,SMT,5
C41375121,Preferred,2SA1201,hongjiacheng,Transistors/Thyristors,Bipolar (BJT),SOT-89,,10641,$0.0679,SMT,5
C41375123,Preferred,D882H,hongjiacheng,Transistors/Thyristors,Bipolar (BJT),SOT-89,,41228,$0.0625,SMT,5
C41375140,Preferred,2SD965A,hongjiacheng,Transistors/Thyristors,Bipolar (BJT),SOT-89,,8926,$0.0622,SMT,5
C41375121,Preferred,2SA1201,hongjiacheng,Transistors/Thyristors,Bipolar (BJT),SOT-89,,10641,$0.0679,SMT,0
C41375118,Preferred,2SD1898,hongjiacheng,Transistors/Thyristors,Bipolar (BJT),SOT-89,,14350,$0.0591,SMT,5
C9683,Preferred,ULN2803ADWR,Texas Instruments,Transistors/Thyristors,Darlington Transistor Arrays,SOIC-18-300mil,-40℃~+85℃ 500mA 50V 8 SOIC-18-300mil Darlington Transistor Arrays ROHS,17,$6.4800,SMT,1
C8492,Preferred,LBSS84LT1G,LRC,Transistors/Thyristors,MOSFETs,SOT-23,-55℃~+150℃ 1 P-Channel 10pF 10Ω@5V 130mA 225mW 2V 30pF 50V 5pF 6nC P-Channel SOT-23 MOSFETs ROHS,83137,$0.0194,SMT,10
C427383,Preferred,MDD3401,MDD（Microdiode Electronics）,Transistors/Thyristors,MOSFETs,SOT-23,-50℃~+150℃ 1 P-Channel 1.2W 30V 4.2A 45mΩ@10V 500mV 53pF 655pF 65pF 8.5nC@15V SOT-23 MOSFETs ROHS,55755,$0.0299,SMT,5
C427390,Preferred,MDD2302,MDD（Microdiode Electronics）,Transistors/Thyristors,MOSFETs,SOT-23,-50℃~+150℃ 1 N-channel 1.25W 20V 28mΩ@2.5V 33pF 340pF 4A 5.4nC@10V 500mV SOT-23 MOSFETs ROHS,183861,$0.0187,SMT,10
C427391,Preferred,MDD2301,MDD（Microdiode Electronics）,Transistors/Thyristors,MOSFETs,SOT-23,-50℃~+150℃ 1 P-Channel 20V 3.8A 330pF 33mΩ@4.5V 45pF 50pF 700mV 800pC 900mW SOT-23 MOSFETs ROHS,66452,$0.0173,SMT,10
C22469448,Preferred,HL3400,hongjiacheng,Transistors/Thyristors,MOSFETs,SOT-23,,212239,$0.0276,SMT,10
C28646263,Preferred,HL2309,hongjiacheng,Transistors/Thyristors,MOSFETs,SOT-23,,4592,$0.0584,SMT,5
C28646269,Preferred,HL3407A,hongjiacheng,Transistors/Thyristors,MOSFETs,SOT-23,,1480,$0.0367,SMT,5
C28646272,Preferred,HL2312,hongjiacheng,Transistors/Thyristors,MOSFETs,SOT-23,,27681,$0.0280,SMT,10
C7420337,Preferred,BC847C,hongjiacheng,Triode/MOS Tube/Transistor,Bipolar Transistors - BJT,SOT-23,-55℃~+150℃ 1 NPN 100MHz 100mA 100nA 200mW 420 45V 500mV 6V NPN SOT-23 Bipolar (BJT) ROHS,270106,$0.0099,SMT,10
C7420351,Preferred,MMBT2222A,hongjiacheng,Triode/MOS Tube/Transistor,Bipolar Transistors - BJT,SOT-23,-55℃~+150℃ 1 NPN 100 100nA 1V 300MHz 300mW 40V 600mA 6V NPN SOT-23 Bipolar (BJT) ROHS,366760,$0.0140,SMT,10
C7420352,Preferred,MMBT2907A,hongjiacheng,Triode/MOS Tube/Transistor,Bipolar Transistors - BJT,SOT-23,-55℃~+150℃ 1 PNP 100 100nA 200MHz 250mW 400mV 5V 600mA 60V PNP SOT-23 Bipolar (BJT) ROHS,140902,$0.0134,SMT,10
C7420353,Preferred,MMBT3904,hongjiacheng,Triode/MOS Tube/Transistor,Bipolar Transistors - BJT,SOT-23,-55℃~+150℃ 1 NPN 100 100nA 200mA 200mW 300MHz 300mV 40V 6V NPN SOT-23 Bipolar (BJT) ROHS,3692,$0.0083,SMT,10
C7420354,Preferred,MMBT3906,hongjiacheng,Triode/MOS Tube/Transistor,Bipolar Transistors - BJT,SOT-23,-55℃~+150℃ 1 PNP 100 100nA 200mA 200mW 300MHz 300mV 40V 5V PNP SOT-23 Bipolar (BJT) ROHS,552289,$0.0087,SMT,10
C7420356,Preferred,MMBT5401,hongjiacheng,Triode/MOS Tube/Transistor,Bipolar Transistors - BJT,SOT-23,-55℃~+150℃ 1 PNP 100 100MHz 100nA 160V 200mV 300mW 5V 600mA PNP SOT-23 Bipolar (BJT) ROHS,25,$0.0100,SMT,10
C7420357,Preferred,MMBT5551,hongjiacheng,Triode/MOS Tube/Transistor,Bipolar Transistors - BJT,SOT-23,-55℃~+150℃ 1 NPN 100 100MHz 150mV 160V 300mW 50nA 600mA 6V NPN SOT-23 Bipolar (BJT) ROHS,183561,$0.0106,SMT,10
C7420370,Preferred,SS8050,hongjiacheng,Triode/MOS Tube/Transistor,Bipolar Transistors - BJT,SOT-23,-55℃~+150℃ 1 NPN 1.5A 100MHz 100nA 120 25V 300mW 500mV 5V NPN SOT-23 Bipolar (BJT) ROHS,730218,$0.0098,SMT,10
C7420371,Preferred,SS8550,hongjiacheng,Triode/MOS Tube/Transistor,Bipolar Transistors - BJT,SOT-23,-55℃~+150℃ 1 PNP 1.5A 100MHz 100nA 120 25V 300mW 500mV 5V PNP SOT-23 Bipolar (BJT) ROHS,165276,$0.0091,SMT,10
C20069155,Preferred,BC817-40,hongjiacheng,Triode/MOS Tube/Transistor,Bipolar Transistors - BJT,SOT-23,-55℃~+150℃ 1 NPN 100 100MHz 100nA 300mW 45V 500mA 5V 700mV NPN SOT-23 Bipolar (BJT) ROHS,102357,$0.0176,SMT,10
C20069156,Preferred,BCX56-10,hongjiacheng,Triode/MOS Tube/Transistor,Bipolar Transistors - BJT,SOT-89,-55℃~+150℃ 1 NPN 100nA 130MHz 1A 40 500mV 500mW 5V 80V NPN SOT-89 Bipolar (BJT) ROHS,5696,$0.0616,SMT,5
C7420321,Preferred,2N7002,hongjiacheng,Triode/MOS Tube/Transistor,MOSFETs,SOT-23,-55℃~+150℃ 1 N-channel 1.6V 1.6nC@10V 115mA 225mW 25pF 50pF 5pF 60V 900mΩ@10V N-Channel SOT-23 MOSFETs ROHS,712813,$0.0151,SMT,10
C7420338,Preferred,BSS123,hongjiacheng,Triode/MOS Tube/Transistor,MOSFETs,SOT-23,-55℃~+150℃ 1 N-channel 1.4V 1.4nC@10V 100V 170mA 22pF 2pF 3.5pF 680mW 6Ω@10V、10Ω@4.5V N-Channel SOT-23 MOSFETs ROHS,149569,$0.0170,SMT,10
C7420339,Preferred,BSS138,hongjiacheng,Triode/MOS Tube/Transistor,MOSFETs,SOT-23,-55℃~+150℃ 1 N-channel 1.1Ω@10V、1.2Ω@4.5V 1.2V 1.7nC@10V 17.5pF 340mA 350mW 50V 6.5pF N-Channel SOT-23 MOSFETs ROHS,253161,$0.0160,SMT,10
C7420340,Preferred,BSS84,hongjiacheng,Triode/MOS Tube/Transistor,MOSFETs,SOT-23,-55℃~+150℃ 1 P-Channel 1.4V 1.77nC@10V 170mA 2.8pF 2.9pF 3.3Ω@10V、3.5Ω@4.5V 43pF 60V 680mW P-Channel SOT-23 MOSFETs ROHS,304534,$0.0164,SMT,10
C7420343,Preferred,HL2300,hongjiacheng,Triode/MOS Tube/Transistor,MOSFETs,SOT-23,-55℃~+150℃ 1 N-channel 1W 20V 20mΩ@4.5V 4.5A 418pF 6.06nC@4.5V 600mV 70pF 82pF N-Channel SOT-23 MOSFETs ROHS,124832,$0.0273,SMT,10
C7420344,Preferred,HL2301A,hongjiacheng,Triode/MOS Tube/Transistor,MOSFETs,SOT-23,-55℃~+150℃ 1 P-Channel 2.3A 20V 3.3nC@2.5V、5.5nC@4.5V 405pF 55pF 700mV 700mW 75pF 90mΩ@4.5V、110mΩ@2.5V P-Channel SOT-23 ,139914,$0.0224,SMT,10
C7420345,Preferred,HL2303,hongjiacheng,Triode/MOS Tube/Transistor,MOSFETs,SOT-23,-55℃~+150℃ 1 P-Channel 1.6V 1.9A 155pF 25pF 30V 350mW 4nC@10V 75mΩ@10V P-Channel SOT-23 MOSFETs ROHS,15137,$0.0256,SMT,10
C7420346,Preferred,HL2304,hongjiacheng,Triode/MOS Tube/Transistor,MOSFETs,SOT-23,-55℃~+150℃ 1 N-channel 1.5V 17pF 1W 234pF 3.6A 30V 37mΩ@10V、57mΩ@4.5V 6.08nC@10V N-Channel SOT-23 MOSFETs ROHS,6323,$0.0277,SMT,10
C7420348,Preferred,HL3400A,hongjiacheng,Triode/MOS Tube/Transistor,MOSFETs,SOT-23,-55℃~+150℃ 1 N-channel 1.05nF 1.4V 30V 350mW 35mΩ@10V 5.8A 77pF 99pF N-Channel SOT-23 MOSFETs ROHS,709804,$0.0295,SMT,10
C7420349,Preferred,HL3401A,hongjiacheng,Triode/MOS Tube/Transistor,MOSFETs,SOT-23,-55℃~+150℃ 1 P-Channel 115pF 22nC@10V 30V 350mW 4.2A 50mΩ@10V 77pF 900mV 954pF P-Channel SOT-23 MOSFETs ROHS,57178,$0.0376,SMT,10
C7420322,Preferred,2N7002W,hongjiacheng,Triode/MOS Tube/Transistor,MOSFETs,SOT-323,-55℃~+150℃ 1 N-channel 1.6V 115mA 200mW 25pF 50pF 5pF 60V 900mΩ@10V N-Channel SOT-323 MOSFETs ROHS,322604,$0.0172,SMT,10
